,target,source,Coste,player
0,Arsenal,Brentford,"31,90 mill. €",David RayaD. Raya
1,Arsenal,Real Sociedad,Fin de cesión 30/06/2024,Kieran TierneyK. Tierney
2,Arsenal,Nottm Forest,Fin de cesión 30/06/2024,Nuno TavaresN. Tavares
3,Arsenal,Fluminense,Fin de cesión 31/12/2024,MarquinhosMarquinhos
0,Wrexham,Arsenal,Libre,Arthur OkonkwoA. Okonkwo
1,Sin equipo,Arsenal,-,Cédric SoaresC. Soares
2,Sin equipo,Arsenal,-,Mohamed ElnenyM. Elneny
3,Brentford,Arsenal,Fin de cesión 30/06/2024,David RayaD. Raya
0,Aston Villa,Chelsea,"44,50 mill. €",Ian MaatsenI. Maatsen
1,Aston Villa,Sheff Utd,"16,65 mill. €",Cameron ArcherC. Archer
2,Aston Villa,Juventus,"14,00 mill. €",Samuel Iling-JuniorS. Iling-Junior
3,Aston Villa,Everton,"11,80 mill. €",Lewis DobbinL. Dobbin
4,Aston Villa,Juventus,"8,00 mill. €",Enzo BarrenecheaE. Barrenechea
5,Aston Villa,Luton,"5,90 mill. €",Ross BarkleyR. Barkley
6,Aston Villa,Nápoles,Fin de cesión 30/06/2024,Leander DendonckerL. Dendoncker
7,Aston Villa,Niza,Fin de cesión 30/06/2024,Morgan SansonM. Sanson
8,Aston Villa,Estrella Roja,Fin de cesión 30/06/2024,Kosta NedeljkovicK. Nedeljkovic
9,Aston Villa,Al-Duhail SC,Fin de cesión 30/06/2024,Philippe CoutinhoP. Coutinho
0,Juventus,Aston Villa,"51,50 mill. €",Douglas LuizDouglas Luiz
1,Everton,Aston Villa,"10,70 mill. €",Tim IroegbunamT. Iroegbunam
2,Niza,Aston Villa,"4,00 mill. €",Morgan SansonM. Sanson
3,Cardiff,Aston Villa,Libre,Calum ChambersC. Chambers
4,Vasco da Gama,Aston Villa,Cesión,Philippe CoutinhoP. Coutinho
5,FC Barcelona,Aston Villa,Fin de cesión 30/06/2024,Clément LengletC. Lenglet
6,Galatasaray,Aston Villa,Fin de cesión 30/06/2024,Nicolò ZanioloN. Zaniolo
0,Bournemouth,Leeds,"23,40 mill. €",Luis SinisterraL. Sinisterra
1,Bournemouth,Getafe CF,"16,50 mill. €",Enes ÜnalE. Ünal
2,Bournemouth,Wellington,"2,27 mill. €",Alex PaulsenA. Paulsen
3,Bournemouth,Sheff Utd,Libre,Daniel JebbisonD. Jebbison
4,Bournemouth,Leeds,Fin de cesión 31/05/2025,Joe RothwellJ. Rothwell
5,Bournemouth,Nápoles,Fin de cesión 30/06/2024,Hamed Junior TraorèH. Traorè
0,Newcastle Utd.,Bournemouth,Libre,Lloyd KellyL. Kelly
1,Sheff Wed,Bournemouth,Libre,Jamal LoweJ. Lowe
2,Leeds,Bournemouth,Cesión,Joe RothwellJ. Rothwell
3,Sin equipo,Bournemouth,-,Emiliano MarcondesE. Marcondes
4,Sin equipo,Bournemouth,-,Darren RandolphD. Randolph
5,Sin equipo,Bournemouth,-,Ryan FredericksR. Fredericks
6,Leeds,Bournemouth,Fin de cesión 30/06/2024,Luis SinisterraL. Sinisterra
7,Getafe CF,Bournemouth,Fin de cesión 30/06/2024,Enes ÜnalE. Ünal
8,Inter,Bournemouth,Fin de cesión 30/06/2024,Andrei RaduA. Radu
0,Brentford,Club Brujas,"33,00 mill. €",Igor ThiagoI. Thiago
1,Brentford,Brentford B,-,Ji-soo KimJ. Kim
2,Brentford,Brentford B,-,Ben WinterbottomB. Winterbottom
3,Brentford,St. Mirren,Fin de cesión 31/05/2025,Ellery BalcombeE. Balcombe
4,Brentford,Arsenal,Fin de cesión 30/06/2024,David RayaD. Raya
0,Arsenal,Brentford,"31,90 mill. €",David RayaD. Raya
1,AEK Atenas,Brentford,Libre,Thomas StrakoshaT. Strakosha
2,Luton,Brentford,Libre,Shandon BaptisteS. Baptiste
3,St. Mirren,Brentford,Cesión,Ellery BalcombeE. Balcombe
4,Sin equipo,Brentford,-,Saman GhoddosS. Ghoddos
5,Sin equipo,Brentford,-,Charlie GoodeC. Goode
6,Everton,Brentford,Fin de cesión 30/06/2024,Neal MaupayN. Maupay
0,Brighton,Newcastle Utd.,"35,00 mill. €",Yankuba MintehY. Minteh
1,Brighton,Feyenoord,"30,00 mill. €",Mats WiefferM. Wieffer
2,Brighton,Nordsjælland,"19,50 mill. €",Ibrahim OsmanI. Osman
3,Brighton,IFK Göteborg,"7,00 mill. €",Malick Junior YalcouyéM. Yalcouyé
4,Brighton,Arsenal U21,Libre,Amario Cozier-DuberryA. Cozier-Duberry
5,Brighton,VfB Stuttgart,Fin de cesión 30/06/2024,Mahmoud DahoudM. Dahoud
6,Brighton,Vitesse,Fin de cesión 30/06/2024,Kacper KozlowskiK. Kozlowski
7,Brighton,VfB Stuttgart,Fin de cesión 30/06/2024,Deniz UndavD. Undav
8,Brighton,Vitesse,Fin de cesión 30/06/2024,Adrian MaziluA. Mazilu
9,Brighton,Standard Lieja,Fin de cesión 30/06/2024,Steven AlzateS. Alzate
0,Southampton,Brighton,Libre,Adam LallanaA. Lallana
1,Sin equipo,Brighton,-,Steven AlzateS. Alzate
2,FC Barcelona,Brighton,Fin de cesión 30/06/2024,Ansu FatiAnsu Fati
0,Chelsea,Leicester City,"35,40 mill. €",Kiernan Dewsbury-HallK. Dewsbury-Hall
1,Chelsea,Aston Villa U21,"22,50 mill. €",Omari KellymanO. Kellyman
2,Chelsea,FC Basilea,"14,00 mill. €",Renato VeigaR. Veiga
3,Chelsea,FC Barcelona,"6,00 mill. €",Marc GuiuMarc Guiu
4,Chelsea,Fulham,Libre,Tosin AdarabioyoT. Adarabioyo
5,Chelsea,Estrasburgo,Fin de cesión 30/06/2024,Andrey SantosA. Santos
6,Chelsea,Galatasaray,Fin de cesión 30/06/2024,Hakim ZiyechH. Ziyech
7,Chelsea,Brommapojkarna,Fin de cesión 18/06/2024,Lucas BergströmL. Bergström
8,Chelsea,Real Madrid,Fin de cesión 30/06/2024,Kepa ArrizabalagaK. Arrizabalaga
9,Chelsea,Newcastle Utd.,Fin de cesión 30/06/2024,Lewis HallL. Hall
10,Chelsea,KAS Eupen,Fin de cesión 30/06/2024,Gabriel SloninaG. Slonina
11,Chelsea,Bor. Dortmund,Fin de cesión 30/06/2024,Ian MaatsenI. Maatsen
12,Chelsea,AS Roma,Fin de cesión 30/06/2024,Romelu LukakuR. Lukaku
13,Chelsea,Estrasburgo,Fin de cesión 30/06/2024,ÂngeloÂngelo
0,Aston Villa,Chelsea,"44,50 mill. €",Ian MaatsenI. Maatsen
1,Newcastle Utd.,Chelsea,"33,00 mill. €",Lewis HallL. Hall
2,Ipswich,Chelsea,"23,50 mill. €",Omari HutchinsonO. Hutchinson
3,Fluminense,Chelsea,Libre,Thiago SilvaT. Silva
4,Galatasaray,Chelsea,Libre,Hakim ZiyechH. Ziyech
0,Crystal Palace,Real Betis,"15,00 mill. €",Chadi RiadC. Riad
1,Crystal Palace,Lazio,Libre,Daichi KamadaD. Kamada
2,Crystal Palace,RWDM,Fin de cesión 30/06/2024,Malcolm EbioweiM. Ebiowei
3,Crystal Palace,HJK Helsinki,Fin de cesión 31/12/2024,Luke PlangeL. Plange
4,Crystal Palace,FC St. Pauli,Fin de cesión 30/06/2024,Scott BanksS. Banks
0,Bayern Múnich,Crystal Palace,"53,00 mill. €",Michael OliseM. Olise
1,FC St. Pauli,Crystal Palace,?,Scott BanksS. Banks
2,Sin equipo,Crystal Palace,-,Nathan FergusonN. Ferguson
3,Sin equipo,Crystal Palace,-,James TomkinsJ. Tomkins
4,Sin equipo,Crystal Palace,-,Jairo RiedewaldJ. Riedewald
0,Everton,Marsella,"18,00 mill. €",Iliman NdiayeI. Ndiaye
1,Everton,Aston Villa,"10,70 mill. €",Tim IroegbunamT. Iroegbunam
2,Everton,Everton U21,-,Harry TyrerH. Tyrer
3,Everton,Brentford,Fin de cesión 30/06/2024,Neal MaupayN. Maupay
0,Atalanta,Everton,"12,00 mill. €",Ben GodfreyB. Godfrey
1,Aston Villa,Everton,"11,80 mill. €",Lewis DobbinL. Dobbin
2,Wigan,Everton,Libre,Andy LonerganA. Lonergan
3,Sin equipo,Everton,-,Dele AlliDele Alli
4,Sin equipo,Everton,-,André GomesA. Gomes
5,Villarreal CF,Everton,Fin de cesión 30/06/2024,Arnaut DanjumaA. Danjuma
0,Fulham,FC Augsburgo,Fin de cesión 30/06/2024,Kevin MbabuK. Mbabu
1,Fulham,Vejle BK,Fin de cesión 30/06/2024,Tyrese FrancoisT. Francois
2,Fulham,Galatasaray,Fin de cesión 30/06/2024,Carlos ViníciusCarlos Vinícius
3,Fulham,Rapid Viena,Fin de cesión 30/06/2024,Terence KongoloT. Kongolo
0,Bayern Múnich,Fulham,"51,00 mill. €",João PalhinhaJ. Palhinha
1,Leicester City,Fulham,Libre,Bobby De Cordova-ReidB. De Cordova-Reid
2,Chelsea,Fulham,Libre,Tosin AdarabioyoT. Adarabioyo
3,Sin equipo,Fulham,-,Marek RodákM. Rodák
4,Sin equipo,Fulham,-,Tyrese FrancoisT. Francois
5,Sin equipo,Fulham,-,Terence KongoloT. Kongolo
6,AC Milan,Fulham,Fin de cesión 30/06/2024,Fodé Ballo-TouréF. Ballo-Touré
0,Ipswich,Chelsea,"23,50 mill. €",Omari HutchinsonO. Hutchinson
1,Ipswich,Hull City,"21,50 mill. €",Jacob GreavesJ. Greaves
2,Ipswich,Man City U21,"17,85 mill. €",Liam DelapL. Delap
3,Ipswich,West Ham,Libre,Ben JohnsonB. Johnson
4,Ipswich,Solihull Moors,Fin de cesión 30/06/2024,Nick HayesN. Hayes
0,Charlton,Ipswich,"1,18 mill. €",Gassan AhadmeG. Ahadme
1,Oxford United,Ipswich,470 mil €,Idris El MizouniI. El Mizouni
2,Derby,Ipswich,Libre,Kayden JacksonK. Jackson
3,Barnet,Ipswich,Libre,Nick HayesN. Hayes
4,Sin equipo,Ipswich,-,Dominic BallD. Ball
5,Sin equipo,Ipswich,-,Panutche CamaraP. Camara
6,Sin equipo,Ipswich,-,Vaclav HladkyV. Hladky
7,Retirado,Ipswich,-,Sone AlukoS. Aluko
0,Leicester City,Sporting Lisboa,"17,00 mill. €",Issahaku FatawuI. Fatawu
1,Leicester City,Atalanta,"14,00 mill. €",Caleb OkoliC. Okoli
2,Leicester City,Chelsea U21,"5,90 mill. €",Michael GoldingM. Golding
3,Leicester City,Fulham,Libre,Bobby De Cordova-ReidB. De Cordova-Reid
4,Leicester City,Sevilla FC,Fin de cesión 30/06/2024,Boubakary SoumaréB. Soumaré
5,Leicester City,Bolonia,Fin de cesión 30/06/2024,Victor KristiansenV. Kristiansen
0,Chelsea,Leicester City,"35,40 mill. €",Kiernan Dewsbury-HallK. Dewsbury-Hall
1,Sin equipo,Leicester City,-,Dennis PraetD. Praet
2,Sin equipo,Leicester City,-,Kelechi IheanachoK. Iheanacho
3,Sin equipo,Leicester City,-,Marc AlbrightonM. Albrighton
4,Sporting Lisboa,Leicester City,Fin de cesión 30/06/2024,Issahaku FatawuI. Fatawu
5,Galatasaray,Leicester City,Fin de cesión 30/06/2024,Yunus AkgünY. Akgün
0,Liverpool,Liverpool U21,-,Bobby ClarkB. Clark
1,Liverpool,Wigan,Fin de cesión 31/05/2025,Calvin RamsayC. Ramsay
2,Liverpool,Mainz,Fin de cesión 30/06/2024,Sepp van den BergS. van den Berg
0,Real Betis,Liverpool,Libre,AdriánAdrián
1,Wigan,Liverpool,Cesión,Calvin RamsayC. Ramsay
2,Retirado,Liverpool,-,Thiago AlcántaraT. Alcántara
3,Sin equipo,Liverpool,-,Joel MatipJ. Matip
0,Manchester City,West Ham,Fin de cesión 30/06/2024,Kalvin PhillipsK. Phillips
1,Manchester City,UD Las Palmas,Fin de cesión 30/06/2024,Máximo PerroneM. Perrone
2,Manchester City,River Plate,Fin de cesión 31/12/2024,Claudio EcheverriC. Echeverri
3,Manchester City,FC Barcelona,Fin de cesión 30/06/2024,João CanceloJ. Cancelo
4,Manchester City,Girona FC,Fin de cesión 30/06/2024,Yan CoutoYan Couto
0,Southampton,Manchester City,"23,00 mill. €",Taylor Harwood-BellisT. Harwood-Bellis
1,Real Sociedad,Manchester City,"9,00 mill. €",Sergio GómezS. Gómez
2,Wolverhampton,Manchester City,"5,00 mill. €",Tommy DoyleT. Doyle
0,Manchester Utd.,Bolonia,"42,50 mill. €",Joshua ZirkzeeJ. Zirkzee
1,Manchester Utd.,Sevilla FC,Fin de cesión 30/06/2024,HannibalHannibal
2,Manchester Utd.,Getafe CF,Fin de cesión 30/06/2024,Mason GreenwoodM. Greenwood
3,Manchester Utd.,Benfica,Fin de cesión 30/06/2024,Álvaro CarrerasÁ. Carreras
4,Manchester Utd.,Eintracht,Fin de cesión 30/06/2024,Donny van de BeekD. van de Beek
5,Manchester Utd.,Bor. Dortmund,Fin de cesión 30/06/2024,Jadon SanchoJ. Sancho
6,Manchester Utd.,Granada CF,Fin de cesión 30/06/2024,Facundo PellistriF. Pellistri
0,Benfica,Manchester Utd.,"6,00 mill. €",Álvaro CarrerasÁ. Carreras
1,Girona FC,Manchester Utd.,500 mil €,Donny van de BeekD. van de Beek
2,Monza,Manchester Utd.,Libre,Omari ForsonO. Forson
3,Sin equipo,Manchester Utd.,-,Anthony MartialA. Martial
4,Sin equipo,Manchester Utd.,-,Brandon WilliamsB. Williams
5,Sin equipo,Manchester Utd.,-,Raphaël VaraneR. Varane
6,Sin equipo,Manchester Utd.,-,Shola ShoretireS. Shoretire
7,Fiorentina,Manchester Utd.,Fin de cesión 30/06/2024,Sofyan AmrabatS. Amrabat
0,Newcastle Utd.,Chelsea,"33,00 mill. €",Lewis HallL. Hall
1,Newcastle Utd.,Bournemouth,Libre,Lloyd KellyL. Kelly
2,Newcastle Utd.,Birmingham,Libre,John RuddyJ. Ruddy
3,Newcastle Utd.,Nottm Forest,?,Odysseas VlachodimosO. Vlachodimos
4,Newcastle Utd.,Newcastle U21,-,Alex MurphyA. Murphy
5,Newcastle Utd.,FC Volendam,Fin de cesión 30/06/2024,Garang KuolG. Kuol
6,Newcastle Utd.,Feyenoord,Fin de cesión 30/06/2024,Yankuba MintehY. Minteh
0,Nottm Forest,Newcastle Utd.,"41,20 mill. €",Elliot AndersonE. Anderson
1,Brighton,Newcastle Utd.,"35,00 mill. €",Yankuba MintehY. Minteh
2,Cambridge Utd.,Newcastle Utd.,Libre,Kell WattsK. Watts
3,Sin equipo,Newcastle Utd.,-,Paul DummettP. Dummett
4,Sin equipo,Newcastle Utd.,-,Loris KariusL. Karius
5,Sin equipo,Newcastle Utd.,-,Matt RitchieM. Ritchie
6,Sin equipo,Newcastle Utd.,-,Jeff HendrickJ. Hendrick
7,Chelsea,Newcastle Utd.,Fin de cesión 30/06/2024,Lewis HallL. Hall
0,Nottm Forest,Newcastle Utd.,"41,20 mill. €",Elliot AndersonE. Anderson
1,Nottm Forest,Estrella Roja,"5,50 mill. €",Marko StamenicM. Stamenic
2,Nottm Forest,Corinthians,"4,00 mill. €",Carlos MiguelCarlos Miguel
3,Nottm Forest,FC St. Pauli,"1,50 mill. €",Eric da Silva MoreiraE. da Silva Moreira
4,Nottm Forest,Standard Lieja,Fin de cesión 30/06/2024,Jonathan PanzoJ. Panzo
5,Nottm Forest,Olympiacos,Fin de cesión 30/06/2024,Omar RichardsO. Richards
6,Nottm Forest,Bolonia,Fin de cesión 30/06/2024,Remo FreulerR. Freuler
7,Nottm Forest,FC Copenhague,Fin de cesión 30/06/2024,Scott McKennaS. McKenna
8,Nottm Forest,Lyon,Fin de cesión 30/06/2024,Orel MangalaO. Mangala
9,Nottm Forest,Besiktas,Fin de cesión 30/06/2024,Joe WorrallJ. Worrall
10,Nottm Forest,Alanyaspor,Fin de cesión 30/06/2024,Ui-jo HwangU. Hwang
11,Nottm Forest,C. Rizespor,Fin de cesión 30/06/2024,Jonjo ShelveyJ. Shelvey
12,Nottm Forest,Almere City,Fin de cesión 30/06/2024,Loïc Mbe SohL. Mbe Soh
0,Lyon,Nottm Forest,"31,90 mill. €",Moussa NiakhatéM. Niakhaté
1,Lyon,Nottm Forest,"23,40 mill. €",Orel MangalaO. Mangala
2,Bolonia,Nottm Forest,"4,50 mill. €",Remo FreulerR. Freuler
3,Rio Ave,Nottm Forest,?,Brandon AguileraB. Aguilera
4,Newcastle Utd.,Nottm Forest,?,Odysseas VlachodimosO. Vlachodimos
5,Olympiacos,Nottm Forest,Cesión,Marko StamenicM. Stamenic
6,Sin equipo,Nottm Forest,-,Harry ArterH. Arter
7,Retirado,Nottm Forest,-,FelipeFelipe
8,Sin equipo,Nottm Forest,-,Loïc Mbe SohL. Mbe Soh
9,Sin equipo,Nottm Forest,-,Scott McKennaS. McKenna
10,Sin equipo,Nottm Forest,-,Cheikhou KouyatéC. Kouyaté
11,Sin equipo,Nottm Forest,-,Wayne HennesseyW. Hennessey
12,Bor. Dortmund,Nottm Forest,Fin de cesión 30/06/2024,Giovanni ReynaG. Reyna
13,Arsenal,Nottm Forest,Fin de cesión 30/06/2024,Nuno TavaresN. Tavares
14,Sevilla FC,Nottm Forest,Fin de cesión 30/06/2024,Gonzalo MontielG. Montiel
15,Sporting Lisboa,Nottm Forest,Fin de cesión 30/06/2024,Rodrigo RibeiroR. Ribeiro
16,AC Milan,Nottm Forest,Fin de cesión 30/06/2024,Divock OrigiD. Origi
0,Southampton,Manchester City,"23,00 mill. €",Taylor Harwood-BellisT. Harwood-Bellis
1,Southampton,AZ Alkmaar,"7,00 mill. €",Yukinari SugawaraY. Sugawara
2,Southampton,Peterborough,"3,50 mill. €",Ronnie EdwardsR. Edwards
3,Southampton,Swansea City,"3,50 mill. €",Nathan WoodN. Wood
4,Southampton,Burnley,Libre,Charlie TaylorC. Taylor
5,Southampton,Brighton,Libre,Adam LallanaA. Lallana
6,Southampton,Nissho Gakuen,Libre,Rento TakaokaR. Takaoka
7,Southampton,Lyon,Fin de cesión 30/06/2024,Duje Caleta-CarD. Caleta-Car
8,Southampton,Trabzonspor,Fin de cesión 30/06/2024,Paul OnuachuP. Onuachu
9,Southampton,Niza,Fin de cesión 30/06/2024,Romain PerraudR. Perraud
10,Southampton,PSV Eindhoven,Fin de cesión 30/06/2024,Armel Bella-KotchapA. Bella-Kotchap
11,Southampton,Al-Gharafa SC,Fin de cesión 30/06/2024,LyancoLyanco
12,Southampton,Göztepe,Fin de cesión 30/06/2024,Mateusz LisM. Lis
13,Southampton,Juventus,Fin de cesión 30/06/2024,Carlos AlcarazC. Alcaraz
0,Atl. Mineiro,Southampton,"4,50 mill. €",LyancoLyanco
1,Lyon,Southampton,"3,59 mill. €",Duje Caleta-CarD. Caleta-Car
2,Real Betis,Southampton,"3,50 mill. €",Romain PerraudR. Perraud
3,Sin equipo,Southampton,-,Stuart ArmstrongS. Armstrong
4,Sin equipo,Southampton,-,Ché AdamsC. Adams
0,Tottenham,Leeds,"41,25 mill. €",Archie GrayA. Gray
1,Tottenham,Djurgården,"10,00 mill. €",Lucas BergvallL. Bergvall
2,Tottenham,Hajduk Split,Fin de cesión 30/06/2024,Ivan PerisicI. Perisic
3,Tottenham,Génova,Fin de cesión 30/06/2024,Djed SpenceD. Spence
4,Tottenham,Bayern Múnich,Fin de cesión 30/06/2024,Eric DierEric Dier
5,Tottenham,Sevilla FC,Fin de cesión 30/06/2024,Alejo VélizA. Véliz
6,Tottenham,Galatasaray,Fin de cesión 30/06/2024,Tanguy NdombéléT. Ndombélé
0,Leeds,Tottenham,"11,80 mill. €",Joe RodonJoe Rodon
1,Hajduk Split,Tottenham,Libre,Ivan PerisicI. Perisic
2,Niza,Tottenham,Libre,Tanguy NdombéléT. Ndombélé
3,Bayern Múnich,Tottenham,Libre,Eric DierEric Dier
4,Millwall,Tottenham,Libre,Japhet TangangaJ. Tanganga
5,Sin equipo,Tottenham,-,Ryan SessegnonR. Sessegnon
0,West Ham,Wolverhampton,"47,50 mill. €",Max KilmanM. Kilman
1,West Ham,Palmeiras,"23,00 mill. €",Luis GuilhermeLuis Guilherme
2,West Ham,Sheff Utd,Libre,Wes FoderinghamW. Foderingham
3,West Ham,Mónaco,Fin de cesión 30/06/2024,Thilo KehrerT. Kehrer
4,West Ham,Lyon,Fin de cesión 30/06/2024,Saïd BenrahmaS. Benrahma
5,West Ham,Vejle BK,Fin de cesión 30/06/2024,Nathan TrottN. Trott
6,West Ham,A. Klagenfurt,Fin de cesión 30/06/2024,Andy IrvingA. Irving
0,Lyon,West Ham,"14,40 mill. €",Saïd BenrahmaS. Benrahma
1,Mónaco,West Ham,"11,00 mill. €",Thilo KehrerT. Kehrer
2,FC Copenhague,West Ham,"1,50 mill. €",Nathan TrottN. Trott
3,St. Pat's,West Ham,Libre,Joseph AnangJ. Anang
4,Ipswich,West Ham,Libre,Ben JohnsonB. Johnson
5,Manchester City,West Ham,Fin de cesión 30/06/2024,Kalvin PhillipsK. Phillips
6,Sin equipo,West Ham,-,Angelo OgbonnaA. Ogbonna
7,Sin equipo,West Ham,-,Divin MubamaD. Mubama
0,Wolverhampton,SC Braga,"15,00 mill. €",Rodrigo GomesR. Gomes
1,Wolverhampton,Sport Recife,"10,00 mill. €",Pedro LimaPedro Lima
2,Wolverhampton,Manchester City,"5,00 mill. €",Tommy DoyleT. Doyle
3,Wolverhampton,RC Celta,"Coste de cesión: 3,00 mill. €",Jørgen Strand LarsenJ. Larsen
4,Wolverhampton,Famalicão,Fin de cesión 30/06/2024,ChiquinhoChiquinho
5,Wolverhampton,Olympiacos,Fin de cesión 30/06/2024,Daniel PodenceD. Podence
6,Wolverhampton,Villarreal CF,Fin de cesión 30/06/2024,Gonçalo GuedesG. Guedes
7,Wolverhampton,Eintracht,Fin de cesión 30/06/2024,Sasa KalajdzicS. Kalajdzic
8,Wolverhampton,Villarreal CF,Fin de cesión 30/06/2024,Yerson MosqueraY. Mosquera
9,Wolverhampton,Servette FC,Fin de cesión 30/06/2024,Bendegúz BollaB. Bolla
10,Wolverhampton,Rangers FC,Fin de cesión 30/06/2024,Fábio SilvaF. Silva
0,West Ham,Wolverhampton,"47,50 mill. €",Max KilmanM. Kilman
1,Rapid Viena,Wolverhampton,Libre,Bendegúz BollaB. Bolla
2,PSG,Wolverhampton,Fin de cesión 30/06/2024,Noha LeminaN. Lemina
0,B. Leverkusen,Girona FC,"18,00 mill. €",Aleix GarcíaA. García
1,B. Leverkusen,Stade Rennes,"15,00 mill. €",Jeanuël BelocianJ. Belocian
2,B. Leverkusen,Leverkusen U19,-,Iker BravoI. Bravo
3,B. Leverkusen,Brøndby IF,Fin de cesión 30/06/2024,Patrick PentzP. Pentz
4,B. Leverkusen,Fortuna Sittard,Fin de cesión 30/06/2024,Sadik FofanaS. Fofana
5,B. Leverkusen,AS Roma,Fin de cesión 30/06/2024,Sardar AzmounS. Azmoun
0,Brøndby IF,B. Leverkusen,"2,55 mill. €",Patrick PentzP. Pentz
1,F. Düsseldorf,B. Leverkusen,Cesión,Noah MbambaN. Mbamba
2,Sin equipo,B. Leverkusen,-,Timothy Fosu-MensahT. Fosu-Mensah
3,Bayern Múnich,B. Leverkusen,Fin de cesión 30/06/2024,Josip StanisicJ. Stanisic
4,Real Betis,B. Leverkusen,Fin de cesión 30/06/2024,Borja IglesiasB. Iglesias
0,VfB Stuttgart,Unión Berlín,"5,00 mill. €",Jamie LewelingJ. Leweling
1,VfB Stuttgart,Colonia,"4,00 mill. €",Jeff ChabotJ. Chabot
2,VfB Stuttgart,Toulouse,"3,00 mill. €",Anthony RouaultA. Rouault
3,VfB Stuttgart,FC St. Gallen,"2,00 mill. €",Leonidas StergiouL. Stergiou
4,VfB Stuttgart,Stade Rennes,Coste de cesión: 800 mil €,Fabian RiederF. Rieder
5,VfB Stuttgart,Feyenoord,700 mil €,Ramon HendriksR. Hendriks
6,VfB Stuttgart,Bayern Múnich,Coste de cesión: 500 mil €,Frans KrätzigF. Krätzig
7,VfB Stuttgart,Werder Bremen,Libre,Nick WoltemadeN. Woltemade
8,VfB Stuttgart,Colonia,Libre,Justin DiehlJ. Diehl
9,VfB Stuttgart,Dynamo Dresden,Libre,Stefan DrljacaS. Drljaca
10,VfB Stuttgart,SC Friburgo,Libre,Yannik KeitelY. Keitel
11,VfB Stuttgart,SSV Ulm 1846,Fin de cesión 30/06/2024,Thomas KastanarasT. Kastanaras
12,VfB Stuttgart,SV Elversberg,Fin de cesión 30/06/2024,Wahid FaghirW. Faghir
13,VfB Stuttgart,Darmstadt 98,Fin de cesión 30/06/2024,Matej MaglicaM. Maglica
14,VfB Stuttgart,Hatayspor,Fin de cesión 30/06/2024,Ömer BeyazÖ. Beyaz
15,VfB Stuttgart,Heracles Almelo,Fin de cesión 30/06/2024,Mohamed SankohM. Sankoh
16,VfB Stuttgart,Hansa Rostock,Fin de cesión 30/06/2024,Juan José PereaJ. Perea
17,VfB Stuttgart,Darmstadt 98,Fin de cesión 30/06/2024,Luca PfeifferL. Pfeiffer
18,VfB Stuttgart,Legia Varsovia,Fin de cesión 30/06/2024,Gil DiasGil Dias
0,Bayern Múnich,VfB Stuttgart,"23,50 mill. €",Hiroki ItoH. Ito
1,Bor. Dortmund,VfB Stuttgart,"22,50 mill. €",Waldemar AntonW. Anton
2,Famalicão,VfB Stuttgart,920 mil €,Gil DiasGil Dias
3,F. Düsseldorf,VfB Stuttgart,Libre,Florian SchockF. Schock
4,Greuther Fürth,VfB Stuttgart,Libre,Roberto MassimoR. Massimo
5,Darmstadt 98,VfB Stuttgart,?,Matej MaglicaM. Maglica
6,SSV Ulm 1846,VfB Stuttgart,Cesión,Laurin UlrichL. Ulrich
7,FC Zúrich,VfB Stuttgart,Cesión,Juan José PereaJ. Perea
8,Sin equipo,VfB Stuttgart,-,Lilian EgloffL. Egloff
9,Sin equipo,VfB Stuttgart,-,Genki HaraguchiG. Haraguchi
10,Toulouse,VfB Stuttgart,Fin de cesión 30/06/2024,Anthony RouaultA. Rouault
11,Brighton,VfB Stuttgart,Fin de cesión 30/06/2024,Mahmoud DahoudM. Dahoud
12,FC St. Gallen,VfB Stuttgart,Fin de cesión 30/06/2024,Leonidas StergiouL. Stergiou
13,Brighton,VfB Stuttgart,Fin de cesión 30/06/2024,Deniz UndavD. Undav
14,Unión Berlín,VfB Stuttgart,Fin de cesión 30/06/2024,Jamie LewelingJ. Leweling
0,Bayern Múnich,Crystal Palace,"53,00 mill. €",Michael OliseM. Olise
1,Bayern Múnich,Fulham,"51,00 mill. €",João PalhinhaJ. Palhinha
2,Bayern Múnich,VfB Stuttgart,"23,50 mill. €",Hiroki ItoH. Ito
3,Bayern Múnich,Granada CF,"13,00 mill. €",Bryan ZaragozaB. Zaragoza
4,Bayern Múnich,Adelaide United,"3,40 mill. €",Nestory IrankundaN. Irankunda
5,Bayern Múnich,Greuther Fürth,"1,50 mill. €",Armindo SiebA. Sieb
6,Bayern Múnich,Tottenham,Libre,Eric DierEric Dier
7,Bayern Múnich,Unterhaching,?,Gibson Nana AduG. Adu
8,Bayern Múnich,Unterhaching,?,Maurice KrattenmacherM. Krattenmacher
9,Bayern Múnich,FC Bayern II,-,Lovro ZvonarekL. Zvonarek
10,Bayern Múnich,FC Bayern II,-,Noel Aséko NkiliN. Aséko Nkili
11,Bayern Múnich,FC Bayern II,-,Adam AznouA. Aznou
12,Bayern Múnich,B. Leverkusen,Fin de cesión 30/06/2024,Josip StanisicJ. Stanisic
13,Bayern Múnich,Dinamo Zagreb,Fin de cesión 30/06/2024,Gabriel VidovicG. Vidovic
14,Bayern Múnich,PSV Eindhoven,Fin de cesión 30/06/2024,Malik TillmanM. Tillman
15,Bayern Múnich,SV Elversberg,Fin de cesión 30/06/2024,Paul WannerP. Wanner
16,Bayern Múnich,Frosinone,Fin de cesión 30/06/2024,Arijon IbrahimovicA. Ibrahimovic
17,Bayern Múnich,Pr. Münster,Fin de cesión 30/06/2024,Johannes SchenkJ. Schenk
18,Bayern Múnich,Austria Viena,Fin de cesión 30/06/2024,Frans KrätzigF. Krätzig
0,PSV Eindhoven,Bayern Múnich,"12,00 mill. €",Malik TillmanM. Tillman
1,VfB Stuttgart,Bayern Múnich,Coste de cesión: 500 mil €,Frans KrätzigF. Krätzig
2,Pr. Münster,Bayern Múnich,?,Johannes SchenkJ. Schenk
3,Unterhaching,Bayern Múnich,Cesión,Gibson Nana AduG. Adu
4,Mainz,Bayern Múnich,Cesión,Armindo SiebA. Sieb
5,Sturm Graz,Bayern Múnich,Cesión,Lovro ZvonarekL. Zvonarek
6,Heidenheim,Bayern Múnich,Cesión,Paul WannerP. Wanner
7,SSV Ulm 1846,Bayern Múnich,Cesión,Maurice KrattenmacherM. Krattenmacher
8,Sin equipo,Bayern Múnich,-,Bouna SarrB. Sarr
9,Sin equipo,Bayern Múnich,-,Eric-Maxim Choupo-MotingE. Choupo-Moting
10,Granada CF,Bayern Múnich,Fin de cesión 30/06/2024,Bryan ZaragozaB. Zaragoza
11,Tottenham,Bayern Múnich,Fin de cesión 30/06/2024,Eric DierEric Dier
0,RB Leipzig,FC Schalke 04,"10,00 mill. €",Assan OuédraogoA. Ouédraogo
1,RB Leipzig,KRC Genk,"10,00 mill. €",Maarten VandevoordtM. Vandevoordt
2,RB Leipzig,RB Leipzig U19,-,Tim KöhlerT. Köhler
3,RB Leipzig,RB Leipzig U19,-,Yannick EduardoY. Eduardo
4,RB Leipzig,Villarreal CF B,Fin de cesión 30/06/2024,Hugo NovoaH. Novoa
5,RB Leipzig,Sligo Rovers,Fin de cesión 30/06/2024,Fabrice HartmannF. Hartmann
6,RB Leipzig,Saarbrücken,Fin de cesión 30/06/2024,Tim SchreiberT. Schreiber
7,RB Leipzig,Real Sociedad,Fin de cesión 30/06/2024,André SilvaA. Silva
8,RB Leipzig,Getafe CF,Fin de cesión 30/06/2024,Ilaix MoribaI. Moriba
9,RB Leipzig,Dynamo Dresden,Fin de cesión 30/06/2024,Dennis BorkowskiD. Borkowski
10,RB Leipzig,LASK,Fin de cesión 30/06/2024,Sanoussy BaS. Ba
11,RB Leipzig,AS Roma,Fin de cesión 30/06/2024,AngeliñoAngeliño
0,AS Roma,RB Leipzig,"5,20 mill. €",AngeliñoAngeliño
1,RB Salzburgo,RB Leipzig,"Coste de cesión: 1,00 mill. €",Janis BlaswichJ. Blaswich
2,Dynamo Dresden,RB Leipzig,150 mil €,Tim SchreiberT. Schreiber
3,E. Braunschweig,RB Leipzig,?,Sanoussy BaS. Ba
4,FC Ingolstadt,RB Leipzig,?,Dennis BorkowskiD. Borkowski
5,SC Verl,RB Leipzig,Cesión,Tim KöhlerT. Köhler
6,De Graafschap,RB Leipzig,Cesión,Yannick EduardoY. Eduardo
7,Sin equipo,RB Leipzig,-,Christopher LenzC. Lenz
8,PSG,RB Leipzig,Fin de cesión 30/06/2024,Xavi SimonsX. Simons
0,Bor. Dortmund,VfB Stuttgart,"22,50 mill. €",Waldemar AntonW. Anton
1,Bor. Dortmund,Holstein Kiel,Fin de cesión 30/06/2024,Tom RotheTom Rothe
2,Bor. Dortmund,Nottm Forest,Fin de cesión 30/06/2024,Giovanni ReynaG. Reyna
3,Bor. Dortmund,Royal Amberes,Fin de cesión 30/06/2024,Soumaïla CoulibalyS. Coulibaly
0,Rio Ave,Bor. Dortmund,"1,60 mill. €",Ole PohlmannO. Pohlmann
1,RCD Mallorca,Bor. Dortmund,Libre,Mateu MoreyM. Morey
2,Sin equipo,Bor. Dortmund,-,Marius WolfM. Wolf
3,Sin equipo,Bor. Dortmund,-,Mats HummelsM. Hummels
4,Sin equipo,Bor. Dortmund,-,Marco ReusM. Reus
5,Chelsea,Bor. Dortmund,Fin de cesión 30/06/2024,Ian MaatsenI. Maatsen
6,Manchester Utd.,Bor. Dortmund,Fin de cesión 30/06/2024,Jadon SanchoJ. Sancho
0,Eintracht,PSG,"16,50 mill. €",Hugo EkitikéH. Ekitiké
1,Eintracht,1.FC Nürnberg,"11,00 mill. €",Can UzunCan Uzun
2,Eintracht,Ferencváros,"4,50 mill. €",Krisztián LisztesK. Lisztes
3,Eintracht,FC Copenhague,"1,35 mill. €",Oscar HøjlundO. Højlund
4,Eintracht,Leeds,Libre,Robin KochR. Koch
5,Eintracht,Frankfurt U19,-,Noah FenyöN. Fenyö
6,Eintracht,Frankfurt U19,-,Junior AwusiJ. Awusi
7,Eintracht,Frankfurt U19,-,Anas AlaouiA. Alaoui
8,Eintracht,Hannover 96,Fin de cesión 30/06/2024,António FótiA. Fóti
9,Eintracht,Karlsruher SC,Fin de cesión 30/06/2024,Igor MatanovicI. Matanovic
10,Eintracht,Servette FC,Fin de cesión 30/06/2024,Jérôme OnguénéJ. Onguéné
11,Eintracht,1.FC Nürnberg,Fin de cesión 30/06/2024,Nathaniel BrownN. Brown
12,Eintracht,1.FC Nürnberg,Fin de cesión 30/06/2024,Marcel WenigM. Wenig
13,Eintracht,Bodø/Glimt,Fin de cesión 31/12/2024,Jens Petter HaugeJ. Hauge
14,Eintracht,FC Augsburgo,Fin de cesión 30/06/2024,Kristijan JakicK. Jakic
15,Eintracht,Vitesse,Fin de cesión 30/06/2024,Paxten AaronsonP. Aaronson
16,Eintracht,BSC Young Boys,Fin de cesión 30/06/2024,Aurèle AmendaA. Amenda
17,Eintracht,Colonia,Fin de cesión 30/06/2024,Faride AlidouF. Alidou
18,Eintracht,Mainz,Fin de cesión 30/06/2024,Jessic NgankamJ. Ngankam
0,FC Augsburgo,Eintracht,"5,00 mill. €",Kristijan JakicK. Jakic
1,B. Dortmund II,Eintracht,?,António FótiA. Fóti
2,Hansa Rostock,Eintracht,?,Dario GebuhrD. Gebuhr
3,E. Braunschweig,Eintracht,?,Sidney RaebigerS. Raebiger
4,FC Utrecht,Eintracht,Cesión,Paxten AaronsonP. Aaronson
5,KV Kortrijk,Eintracht,Cesión,Nacho FerriNacho Ferri
6,LASK,Eintracht,Cesión,Hrvoje SmolcicH. Smolcic
7,SV Elversberg,Eintracht,Cesión,Elias BaumE. Baum
8,FC Ingolstadt,Eintracht,Cesión,Simon SimoniS. Simoni
9,Hannover 96,Eintracht,Cesión,Jessic NgankamJ. Ngankam
10,Retirado,Eintracht,-,Sebastian RodeS. Rode
11,Retirado,Eintracht,-,Makoto HasebeM. Hasebe
12,Wolverhampton,Eintracht,Fin de cesión 30/06/2024,Sasa KalajdzicS. Kalajdzic
13,Leeds,Eintracht,Fin de cesión 30/06/2024,Robin KochR. Koch
14,Manchester Utd.,Eintracht,Fin de cesión 30/06/2024,Donny van de BeekD. van de Beek
15,PSG,Eintracht,Fin de cesión 30/06/2024,Hugo EkitikéH. Ekitiké
0,Hoffenheim,Hoffenheim II,-,Lúkas PeterssonL. Petersson
1,Hoffenheim,Austria Viena,Fin de cesión 30/06/2024,Fisnik AsllaniF. Asllani
2,Hoffenheim,Burnley,Fin de cesión 30/06/2024,Jacob Bruun LarsenJ. Bruun Larsen
3,Hoffenheim,Cádiz CF,Fin de cesión 30/06/2024,Diadié SamassékouD. Samassékou
4,Hoffenheim,Darmstadt 98,Fin de cesión 30/06/2024,Julian JustvanJ. Justvan
5,Hoffenheim,Hannover 96,Fin de cesión 30/06/2024,Muhammed DamarM. Damar
6,Hoffenheim,SC Friburgo,Fin de cesión 30/06/2024,Attila SzalaiA. Szalai
0,Greuther Fürth,Hoffenheim,Cesión,Nahuel NollN. Noll
1,Karlsruher SC,Hoffenheim,Cesión,Bambasé ContéB. Conté
2,Sin equipo,Hoffenheim,-,John BrooksJ. Brooks
3,Sin equipo,Hoffenheim,-,Kasim AdamsK. Adams
4,Sin equipo,Hoffenheim,-,Robert SkovR. Skov
5,Burnley,Hoffenheim,Fin de cesión 30/06/2024,Wout WeghorstW. Weghorst
0,Heidenheim,Unión Berlín,"1,25 mill. €",Mikkel KaufmannM. Kaufmann
1,Heidenheim,SC Paderborn,700 mil €,Sirlord ContehS. Conteh
2,Heidenheim,SSV Ulm 1846,600 mil €,Léo ScienzaL. Scienza
3,Heidenheim,Darmstadt 98,Libre,Mathias HonsakM. Honsak
4,Heidenheim,1.FC K'lautern,Libre,Julian NiehuesJ. Niehues
5,Heidenheim,SC Freiburg II,Libre,Maximilian BreunigM. Breunig
6,Heidenheim,Saarbrücken,Libre,Luca KerberL. Kerber
7,Heidenheim,Bayern Múnich,Cesión,Paul WannerP. Wanner
8,Heidenheim,Heidenheim U19,-,Christopher NegeleC. Negele
9,Heidenheim,MSV Duisburg,Fin de cesión 30/06/2024,Tim KötherT. Köther
0,Benfica,Heidenheim,"8,00 mill. €",Jan-Niklas BesteJ. Beste
1,Bor. M'gladbach,Heidenheim,"7,00 mill. €",Tim KleindienstT. Kleindienst
2,Hertha Berlín,Heidenheim,Libre,Kevin SessaK. Sessa
3,1.FC Nürnberg,Heidenheim,Libre,Florian PickF. Pick
4,J. Regensburg,Heidenheim,Libre,Christian KühlwetterC. Kühlwetter
5,Sin equipo,Heidenheim,-,Nikola DovedanN. Dovedan
6,Sin equipo,Heidenheim,-,Elidon QenajE. Qenaj
7,Werder Bremen,Heidenheim,Fin de cesión 30/06/2024,Eren DinkciE. Dinkci
0,Werder Bremen,Lyon,"4,75 mill. €",Skelly AlveroS. Alvero
1,Werder Bremen,FC Schalke 04,"2,00 mill. €",Keke ToppKeke Topp
2,Werder Bremen,Hansa Rostock,75 mil €,Markus KolkeM. Kolke
3,Werder Bremen,Rapid Viena,Libre,Marco GrüllM. Grüll
4,Werder Bremen,Heidenheim,Fin de cesión 30/06/2024,Eren DinkciE. Dinkci
5,Werder Bremen,1860 München,Fin de cesión 30/06/2024,Abdenego NankishiA. Nankishi
6,Werder Bremen,FC Volendam,Fin de cesión 30/06/2024,Mio BackhausM. Backhaus
7,Werder Bremen,Birmingham,Fin de cesión 30/06/2024,Oliver BurkeO. Burke
8,Werder Bremen,Juve Next Gen,Fin de cesión 30/06/2024,Dikeni SalifouD. Salifou
0,SC Friburgo,Werder Bremen,"5,00 mill. €",Eren DinkciE. Dinkci
1,VfB Stuttgart,Werder Bremen,Libre,Nick WoltemadeN. Woltemade
2,Viktoria Köln,Werder Bremen,Libre,DuduDudu
3,Sin equipo,Werder Bremen,-,Jiri PavlenkaJ. Pavlenka
4,Retirado,Werder Bremen,-,Christian GroßC. Groß
5,Lyon,Werder Bremen,Fin de cesión 30/06/2024,Skelly AlveroS. Alvero
0,SC Friburgo,Werder Bremen,"5,00 mill. €",Eren DinkciE. Dinkci
1,SC Friburgo,VfL Bochum,"4,80 mill. €",Patrick OsterhageP. Osterhage
2,SC Friburgo,VfL Wolfsburgo,"1,00 mill. €",Maximilian PhilippM. Philipp
3,SC Friburgo,SC Paderborn,Libre,Jannik HuthJ. Huth
4,SC Friburgo,SC Freiburg II,-,Bruno OgbusB. Ogbus
5,SC Friburgo,SC Freiburg II,-,Johan ManzambiJ. Manzambi
6,SC Friburgo,SC Freiburg II,-,Berkay YılmazB. Yılmaz
7,SC Friburgo,Greuther Fürth,Fin de cesión 30/06/2024,Robert WagnerR. Wagner
8,SC Friburgo,Círculo Brujas,Fin de cesión 30/06/2024,Hugo SiquetH. Siquet
9,SC Friburgo,VfL Bochum,Fin de cesión 30/06/2024,Keven SchlotterbeckK. Schlotterbeck
10,SC Friburgo,SC Paderborn,Fin de cesión 30/06/2024,Kimberly EzekwemK. Ezekwem
0,FC Augsburgo,SC Friburgo,"2,50 mill. €",Keven SchlotterbeckK. Schlotterbeck
1,Hansa Rostock,SC Friburgo,Libre,Benjamin UphoffB. Uphoff
2,VfB Stuttgart,SC Friburgo,Libre,Yannik KeitelY. Keitel
3,FC St. Pauli,SC Friburgo,Cesión,Robert WagnerR. Wagner
4,SC Freiburg II,SC Friburgo,-,Kimberly EzekwemK. Ezekwem
5,VfL Wolfsburgo,SC Friburgo,Fin de cesión 30/06/2024,Maximilian PhilippM. Philipp
6,Hoffenheim,SC Friburgo,Fin de cesión 30/06/2024,Attila SzalaiA. Szalai
0,FC Augsburgo,Eintracht,"5,00 mill. €",Kristijan JakicK. Jakic
1,FC Augsburgo,Vizela,"4,00 mill. €",Samuel EssendeS. Essende
2,FC Augsburgo,SC Friburgo,"2,50 mill. €",Keven SchlotterbeckK. Schlotterbeck
3,FC Augsburgo,HNK Rijeka,"2,50 mill. €",Nediljko LabrovicN. Labrovic
4,FC Augsburgo,FC Bayern II,900 mil €,Yusuf KabadayiY. Kabadayi
5,FC Augsburgo,Stade Brestois,Libre,Steve MouniéS. Mounié
6,FC Augsburgo,FC Augsburg II,-,Noahkai BanksN. Banks
7,FC Augsburgo,SV Sandhausen,Fin de cesión 30/06/2024,Daniel KleinD. Klein
8,FC Augsburgo,Greuther Fürth,Fin de cesión 30/06/2024,Lukas PetkovL. Petkov
9,FC Augsburgo,St-Étienne,Fin de cesión 30/06/2024,Nathanaël MbukuN. Mbuku
10,FC Augsburgo,ADO Den Haag,Fin de cesión 30/06/2024,Henri KoudossouH. Koudossou
11,FC Augsburgo,Vejle BK,Fin de cesión 30/06/2024,David ColinaD. Colina
12,FC Augsburgo,St-Étienne,Fin de cesión 30/06/2024,Irvin CardonaI. Cardona
13,FC Augsburgo,Hamburgo,Fin de cesión 30/06/2024,Masaya OkugawaM. Okugawa
14,FC Augsburgo,Wehen Wiesbaden,Fin de cesión 30/06/2024,Lasse GüntherL. Günther
0,SC Paderborn,FC Augsburgo,300 mil €,Sven MichelS. Michel
1,EC Bahia,FC Augsburgo,Libre,IagoIago
2,Karlsruher SC,FC Augsburgo,Cesión,Lasse GüntherL. Günther
3,GKS Tychy,FC Augsburgo,Cesión,Marcel LubikM. Lubik
4,Rapid Viena,FC Augsburgo,Cesión,Dion BeljoD. Beljo
5,FC Augsburg II,FC Augsburgo,-,Raphael FrambergerR. Framberger
6,Sin equipo,FC Augsburgo,-,Tomas KoubekT. Koubek
7,Fulham,FC Augsburgo,Fin de cesión 30/06/2024,Kevin MbabuK. Mbabu
8,Olympiacos,FC Augsburgo,Fin de cesión 30/06/2024,Pep BielPep Biel
9,Eintracht,FC Augsburgo,Fin de cesión 30/06/2024,Kristijan JakicK. Jakic
0,VfL Wolfsburgo,FC Copenhague,"13,50 mill. €",Kamil GrabaraK. Grabara
1,VfL Wolfsburgo,Union SG,"Coste de cesión: 3,00 mill. €",Mohamed AmouraM. Amoura
2,VfL Wolfsburgo,FC Schalke 04,"1,50 mill. €",Marius MüllerM. Müller
3,VfL Wolfsburgo,Hertha Berlín,Libre,Bence DárdaiB. Dárdai
4,VfL Wolfsburgo,Wolfsburg U19,-,Kofi AmoakoK. Amoako
5,VfL Wolfsburgo,Wolfsburg U19,-,Manuel BraunM. Braun
6,VfL Wolfsburgo,FC Nantes,Fin de cesión 30/06/2024,Nicolas CozzaN. Cozza
7,VfL Wolfsburgo,SC Friburgo,Fin de cesión 30/06/2024,Maximilian PhilippM. Philipp
8,VfL Wolfsburgo,Colonia,Fin de cesión 30/06/2024,Luca WaldschmidtL. Waldschmidt
9,VfL Wolfsburgo,KAS Eupen,Fin de cesión 30/06/2024,Bartosz BialekB. Bialek
10,VfL Wolfsburgo,Darmstadt 98,Fin de cesión 30/06/2024,Bartol FranjicB. Franjic
11,VfL Wolfsburgo,SV Rödinghausen,Fin de cesión 30/06/2024,Felix LangeF. Lange
12,VfL Wolfsburgo,SC Freiburg II,Fin de cesión 30/06/2024,Lukas AmbrosL. Ambros
13,VfL Wolfsburgo,Hallescher FC,Fin de cesión 30/06/2024,Philipp SchulzeP. Schulze
0,SC Friburgo,VfL Wolfsburgo,"1,00 mill. €",Maximilian PhilippM. Philipp
1,Al-Qadsiah,VfL Wolfsburgo,Libre,Koen CasteelsK. Casteels
2,Colonia,VfL Wolfsburgo,Libre,Luca WaldschmidtL. Waldschmidt
3,Górnik Zabrze,VfL Wolfsburgo,?,Lukas AmbrosL. Ambros
4,SV Meppen,VfL Wolfsburgo,?,Felix LangeF. Lange
5,SC Verl,VfL Wolfsburgo,Cesión,Philipp SchulzeP. Schulze
6,Sin equipo,VfL Wolfsburgo,-,Ulysses LlanezU. Llanez
7,Shakhtar D.,VfL Wolfsburgo,Cesión,Bartol FranjicB. Franjic
8,Lyon,VfL Wolfsburgo,Fin de cesión 30/06/2024,Amin SarrAmin Sarr
0,Mainz,Kashima Antlers,"2,50 mill. €",Kaishu SanoK. Sano
1,Mainz,Wolfsberger AC,800 mil €,Nikolas VeratschnigN. Veratschnig
2,Mainz,Bayern Múnich,Cesión,Armindo SiebA. Sieb
3,Mainz,Mainz 05 U19,-,Maxim DalMaxim Dal
4,Mainz,SV Sandhausen,Fin de cesión 30/06/2024,Lucas LauxL. Laux
5,Mainz,Huddersfield,Fin de cesión 30/06/2024,Delano BurgzorgD. Burgzorg
6,Mainz,Hertha Berlín,Fin de cesión 30/06/2024,Aymen BarkokA. Barkok
7,Mainz,A. Lustenau,Fin de cesión 30/06/2024,Ben BobzienB. Bobzien
8,Mainz,Karlsruher SC,Fin de cesión 30/06/2024,Paul NebelP. Nebel
0,Middlesbrough,Mainz,"2,75 mill. €",Delano BurgzorgD. Burgzorg
1,Benfica,Mainz,Libre,Leandro BarreiroL. Barreiro
2,Darmstadt 98,Mainz,Libre,Merveille PapelaM. Papela
3,A. Klagenfurt,Mainz,Cesión,Ben BobzienB. Bobzien
4,Sin equipo,Mainz,-,Josuha GuilavoguiJ. Guilavogui
5,Liverpool,Mainz,Fin de cesión 30/06/2024,Sepp van den BergS. van den Berg
6,Eintracht,Mainz,Fin de cesión 30/06/2024,Jessic NgankamJ. Ngankam
0,Bor. M'gladbach,Heidenheim,"7,00 mill. €",Tim KleindienstT. Kleindienst
1,Bor. M'gladbach,Holstein Kiel,"1,00 mill. €",Philipp SanderP. Sander
2,Bor. M'gladbach,B. Dortmund U19,Libre,Charles HerrmannC. Herrmann
3,Bor. M'gladbach,VfL Bochum,Libre,Kevin StögerK. Stöger
4,Bor. M'gladbach,NEC Nijmegen,Fin de cesión 30/06/2024,Yvandro Borges SanchesY. Borges Sanches
5,Bor. M'gladbach,Arm. Bielefeld,Fin de cesión 30/06/2024,Jonas KerskenJ. Kersken
6,Bor. M'gladbach,FC Utrecht,Fin de cesión 30/06/2024,Oscar FrauloO. Fraulo
0,Arm. Bielefeld,Bor. M'gladbach,?,Jonas KerskenJ. Kersken
1,Retirado,Bor. M'gladbach,-,Patrick HerrmannP. Herrmann
2,Sin equipo,Bor. M'gladbach,-,Mamadou DoucouréM. Doucouré
3,Retirado,Bor. M'gladbach,-,Tony JantschkeT. Jantschke
4,Unión Berlín,Bor. M'gladbach,Fin de cesión 30/06/2024,JordanJordan
5,Leeds,Bor. M'gladbach,Fin de cesión 30/06/2024,Maximilian WöberM. Wöber
0,Unión Berlín,Hamburgo,"3,00 mill. €",László BénesL. Bénes
1,Unión Berlín,Rapid Viena,"3,00 mill. €",Leopold QuerfeldL. Querfeld
2,Unión Berlín,Wehen Wiesbaden,"1,00 mill. €",Ivan PrtajinI. Prtajin
3,Unión Berlín,Spartak Moscú,Libre,Alex KrálA. Král
4,Unión Berlín,VfL Osnabrück,Fin de cesión 30/06/2024,Lennart GrillL. Grill
5,Unión Berlín,Darmstadt 98,Fin de cesión 30/06/2024,Tim SkarkeT. Skarke
6,Unión Berlín,VfR Aalen,Fin de cesión 30/06/2024,David PreuD. Preu
7,Unión Berlín,FC Tokyo,Fin de cesión 07/07/2024,Keita EndoK. Endo
8,Unión Berlín,Bor. M'gladbach,Fin de cesión 30/06/2024,JordanJordan
9,Unión Berlín,VfB Stuttgart,Fin de cesión 30/06/2024,Jamie LewelingJ. Leweling
10,Unión Berlín,VfB Lübeck,Fin de cesión 30/06/2024,Yannic SteinY. Stein
11,Unión Berlín,FC St. Pauli,Fin de cesión 30/06/2024,Aljoscha KemleinA. Kemlein
12,Unión Berlín,Génova,Fin de cesión 30/06/2024,Morten ThorsbyM. Thorsby
13,Unión Berlín,1.FC K'lautern,Fin de cesión 30/06/2024,Tymoteusz PuchaczT. Puchacz
0,VfB Stuttgart,Unión Berlín,"5,00 mill. €",Jamie LewelingJ. Leweling
1,Al-Wakrah SC,Unión Berlín,"4,50 mill. €",Aïssa LaïdouniA. Laïdouni
2,Génova,Unión Berlín,"4,00 mill. €",Morten ThorsbyM. Thorsby
3,Heidenheim,Unión Berlín,"1,25 mill. €",Mikkel KaufmannM. Kaufmann
4,Sönderjyske,Unión Berlín,Libre,Jakob BuskJ. Busk
5,FC Tokyo,Unión Berlín,?,Keita EndoK. Endo
6,E. Braunschweig,Unión Berlín,Cesión,Lennart GrillL. Grill
7,Sin equipo,Unión Berlín,-,Robin KnocheR. Knoche
8,Spartak Moscú,Unión Berlín,Fin de cesión 30/06/2024,Alex KrálA. Král
9,Leeds,Unión Berlín,Fin de cesión 30/06/2024,Brenden AaronsonB. Aaronson
0,VfL Bochum,Karlsruher SC,100 mil €,Patrick DrewesP. Drewes
1,VfL Bochum,Dinamo Moscú,Libre,Ivan OrdetsI. Ordets
2,VfL Bochum,AZ Alkmaar,Libre,Dani de WitD. de Wit
3,VfL Bochum,Nurernberg II,Libre,Niklas JahnN. Jahn
4,VfL Bochum,B. Dortmund II,Libre,Samuel BambaS. Bamba
5,VfL Bochum,Estrasburgo,Libre,Ibrahima SissokoI. Sissoko
6,VfL Bochum,VfL Bochum U19,-,Lennart KoerdtL. Koerdt
7,VfL Bochum,Wuppertaler SV,Fin de cesión 30/06/2024,Paul GraveP. Grave
8,VfL Bochum,Darmstadt 98,Fin de cesión 30/06/2024,Gerrit HoltmannG. Holtmann
9,VfL Bochum,SC Wiedenbrück,Fin de cesión 30/06/2024,Mats PannewigM. Pannewig
10,VfL Bochum,PAS Giannina,Fin de cesión 30/06/2024,Jordi Osei-TutuJ. Osei-Tutu
0,SC Friburgo,VfL Bochum,"4,80 mill. €",Patrick OsterhageP. Osterhage
1,1.FC Nürnberg,VfL Bochum,Libre,Danilo SoaresD. Soares
2,RCD Mallorca,VfL Bochum,Libre,Takuma AsanoT. Asano
3,Bor. M'gladbach,VfL Bochum,Libre,Kevin StögerK. Stöger
4,Retirado,VfL Bochum,-,Andreas LutheA. Luthe
5,Sin equipo,VfL Bochum,-,Christopher Antwi-AdjeiC. Antwi-Adjei
6,Sin equipo,VfL Bochum,-,Moritz RömlingM. Römling
7,Retirado,VfL Bochum,-,Michael EsserM. Esser
8,Sin equipo,VfL Bochum,-,Philipp FörsterP. Förster
9,RC Celta,VfL Bochum,Fin de cesión 30/06/2024,Gonçalo PaciênciaG. Paciência
10,SC Friburgo,VfL Bochum,Fin de cesión 30/06/2024,Keven SchlotterbeckK. Schlotterbeck
11,Dinamo Moscú,VfL Bochum,Fin de cesión 30/06/2024,Ivan OrdetsI. Ordets
0,FC St. Pauli,Viktoria Köln,?,Ben VollBen Voll
1,FC St. Pauli,Crystal Palace,?,Scott BanksS. Banks
2,FC St. Pauli,SC Friburgo,Cesión,Robert WagnerR. Wagner
3,FC St. Pauli,St. Pauli II,-,Muhammad DahabaM. Dahaba
0,Nottm Forest,FC St. Pauli,"1,50 mill. €",Eric da Silva MoreiraE. da Silva Moreira
1,St. Louis CITY,FC St. Pauli,Libre,Marcel HartelM. Hartel
2,Pr. Münster,FC St. Pauli,Libre,Etienne AmenyidoE. Amenyido
3,Crystal Palace,FC St. Pauli,Fin de cesión 30/06/2024,Scott BanksS. Banks
4,Unión Berlín,FC St. Pauli,Fin de cesión 30/06/2024,Aljoscha KemleinA. Kemlein
0,Holstein Kiel,Rostov,"1,00 mill. €",Magnus KnudsenM. Knudsen
1,Holstein Kiel,Hoffenheim II,Libre,Andu KelatiA. Kelati
2,Holstein Kiel,SV Sandhausen,?,Max GeschwillM. Geschwill
3,Holstein Kiel,FC 08 Homburg,?,Phil HarresP. Harres
4,Holstein Kiel,1.FC K'lautern,Fin de cesión 30/06/2024,Ba-Muaka SimakalaB. Simakala
5,Holstein Kiel,VfL Osnabrück,Fin de cesión 30/06/2024,Kwasi WriedtK. Wriedt
0,Bor. M'gladbach,Holstein Kiel,"1,00 mill. €",Philipp SanderP. Sander
1,Pr. Münster,Holstein Kiel,Libre,Joshua MeesJ. Mees
2,Pr. Münster,Holstein Kiel,Libre,Mikkel KirkeskovM. Kirkeskov
3,SV Sandhausen,Holstein Kiel,Libre,Lucas WolfL. Wolf
4,Manisa FK,Holstein Kiel,?,Kwasi WriedtK. Wriedt
5,Toluca,Holstein Kiel,?,Nico CarreraN. Carrera
6,VfL Osnabrück,Holstein Kiel,Cesión,Niklas NiehoffN. Niehoff
7,Sin equipo,Holstein Kiel,-,Hólmbert Aron FridjónssonH. Fridjónsson
8,Bor. Dortmund,Holstein Kiel,Fin de cesión 30/06/2024,Tom RotheTom Rothe
0,Inter,Sassuolo,"29,00 mill. €",Davide FrattesiD. Frattesi
1,Inter,Génova,"13,50 mill. €",Josep MartínezJ. Martínez
2,Inter,Monza,"13,00 mill. €",Carlos AugustoCarlos Augusto
3,Inter,Bolonia,"8,00 mill. €",Marko ArnautovicM. Arnautovic
4,Inter,Nápoles,Libre,Piotr ZielińskiP. Zieliński
5,Inter,Oporto,Libre,Mehdi TaremiM. Taremi
0,Venezia,Inter,"4,00 mill. €",Gaetano OristanioG. Oristanio
1,FC Lugano,Inter,"2,50 mill. €",Mattia ZanottiM. Zanotti
2,River Plate,Inter,Coste de cesión: 500 mil €,Franco CarboniF. Carboni
3,Botev Plovdiv,Inter,300 mil €,Nikola IlievN. Iliev
4,Pro Patria,Inter,?,William RovidaW. Rovida
5,Torres,Inter,?,Francesco NunziatiniF. Nunziatini
6,Sin equipo,Inter,-,Davy KlaassenD. Klaassen
7,Sin equipo,Inter,-,Juan CuadradoJ. Cuadrado
8,Sin equipo,Inter,-,Alexis SánchezA. Sánchez
9,Sin equipo,Inter,-,Stefano SensiS. Sensi
10,Bolonia,Inter,Fin de cesión 30/06/2024,Marko ArnautovicM. Arnautovic
11,Sampdoria,Inter,Fin de cesión 30/06/2024,Emil AuderoE. Audero
12,Monza,Inter,Fin de cesión 30/06/2024,Carlos AugustoCarlos Augusto
13,Sassuolo,Inter,Fin de cesión 30/06/2024,Davide FrattesiD. Frattesi
0,AC Milan,R. Madrid Juv.A,"5,00 mill. €",Álex JiménezÁ. Jiménez
1,AC Milan,Milan Juv.A,-,Jan-Carlo SimićJ. Simić
0,Atalanta,AC Milan,"22,00 mill. €",Charles De KetelaereC. De Ketelaere
1,Fenerbahce,AC Milan,"3,50 mill. €",Rade KrunicR. Krunic
2,Los Ángeles FC,AC Milan,Libre,Olivier GiroudO. Giroud
3,Modena,AC Milan,Libre,Mattia CaldaraM. Caldara
4,FK TSC,AC Milan,Cesión,Marko LazetićM. Lazetić
5,Sin equipo,AC Milan,-,Simon KjærS. Kjær
6,Milan U23,AC Milan,-,Emil RobackE. Roback
7,Milan U23,AC Milan,-,Divock OrigiD. Origi
8,Milan U23,AC Milan,-,Fodé Ballo-TouréF. Ballo-Touré
9,Sin equipo,AC Milan,-,Antonio MiranteA. Mirante
0,Juventus,Aston Villa,"51,50 mill. €",Douglas LuizDouglas Luiz
1,Juventus,Niza,"20,60 mill. €",Khéphren ThuramK. Thuram
2,Juventus,Monza,"Coste de cesión: 4,50 mill. €",Michele Di GregorioM. Di Gregorio
0,Aston Villa,Juventus,"14,00 mill. €",Samuel Iling-JuniorS. Iling-Junior
1,Fiorentina,Juventus,"13,00 mill. €",Moise KeanM. Kean
2,Aston Villa,Juventus,"8,00 mill. €",Enzo BarrenecheaE. Barrenechea
3,Génova,Juventus,"8,00 mill. €",Koni De WinterK. De Winter
4,Cruzeiro,Juventus,"7,20 mill. €",Kaio JorgeKaio Jorge
5,Sin equipo,Juventus,-,Adrien RabiotA. Rabiot
6,Sin equipo,Juventus,-,Alex SandroAlex Sandro
7,Southampton,Juventus,Fin de cesión 30/06/2024,Carlos AlcarazC. Alcaraz
0,Atalanta,AC Milan,"22,00 mill. €",Charles De KetelaereC. De Ketelaere
1,Atalanta,Everton,"12,00 mill. €",Ben GodfreyB. Godfrey
2,Atalanta,Galatasaray,"Coste de cesión: 6,40 mill. €",Nicolò ZanioloN. Zaniolo
0,Leicester City,Atalanta,"14,00 mill. €",Caleb OkoliC. Okoli
1,Bolonia,Atalanta,"10,00 mill. €",Nicolò CambiaghiN. Cambiaghi
2,Torino,Atalanta,"5,60 mill. €",Duván ZapataD. Zapata
3,BSC Young Boys,Atalanta,"1,65 mill. €",Ebrima ColleyE. Colley
4,Spezia,Atalanta,"1,50 mill. €",Giuseppe Di SerioG. Di Serio
5,Frosinone,Atalanta,Cesión,Giorgio CittadiniG. Cittadini
6,Sin equipo,Atalanta,-,José Luis PalominoJ. Palomino
7,AC Milan,Atalanta,Fin de cesión 30/06/2024,Charles De KetelaereC. De Ketelaere
8,Spezia,Atalanta,Fin de cesión 30/06/2024,Emil HolmEmil Holm
0,Bolonia,Atalanta,"10,00 mill. €",Nicolò CambiaghiN. Cambiaghi
1,Bolonia,Spezia,"7,00 mill. €",Emil HolmEmil Holm
2,Bolonia,Nottm Forest,"4,50 mill. €",Remo FreulerR. Freuler
3,Bolonia,AZ Alkmaar,"4,00 mill. €",Jens OdgaardJ. Odgaard
4,Bolonia,Stade Reims U19,"1,00 mill. €",Naïm ByarN. Byar
5,Bolonia,Real Betis,Libre,Juan MirandaJ. Miranda
6,Bolonia,Bologna U19,-,Saer DiopSaer Diop
7,Bolonia,Bologna U19,-,Demirel HodzicD. Hodzic
8,Bolonia,Bologna U19,-,Lorenzo MenegazzoL. Menegazzo
0,Manchester Utd.,Bolonia,"42,50 mill. €",Joshua ZirkzeeJ. Zirkzee
1,Inter,Bolonia,"8,00 mill. €",Marko ArnautovicM. Arnautovic
2,Coventry City,Bolonia,"2,00 mill. €",Luis BinksL. Binks
3,Novi Pazar,Bolonia,350 mil €,Ebenezer AnnanE. Annan
4,Sin equipo,Bolonia,-,Marco MollaM. Molla
5,Sin equipo,Bolonia,-,Adama SoumaoroA. Soumaoro
6,Sin equipo,Bolonia,-,Mattia PagliucaM. Pagliuca
7,Nottm Forest,Bolonia,Fin de cesión 30/06/2024,Remo FreulerR. Freuler
8,AC Milan,Bolonia,Fin de cesión 30/06/2024,Alexis SaelemaekersA. Saelemaekers
9,Leicester City,Bolonia,Fin de cesión 30/06/2024,Victor KristiansenV. Kristiansen
10,AZ Alkmaar,Bolonia,Fin de cesión 30/06/2024,Jens OdgaardJ. Odgaard
0,AS Roma,Stade Rennes,"23,00 mill. €",Enzo Le FéeE. Le Fée
1,AS Roma,RB Leipzig,"5,20 mill. €",AngeliñoAngeliño
2,AS Roma,Roma J19,-,Luigi CherubiniL. Cherubini
3,AS Roma,Roma J19,-,João CostaJ. Costa
4,AS Roma,Roma J19,-,Riccardo PaganoR. Pagano
5,AS Roma,Roma J19,-,Niccolò PisilliN. Pisilli
0,Como,AS Roma,"4,50 mill. €",Andrea BelottiA. Belotti
1,Nápoles,AS Roma,Libre,Leonardo SpinazzolaL. Spinazzola
2,Sin equipo,AS Roma,-,Rui PatrícioR. Patrício
3,PSG,AS Roma,Fin de cesión 30/06/2024,Renato SanchesR. Sanches
4,Juventus,AS Roma,Fin de cesión 30/06/2024,Dean HuijsenD. Huijsen
5,Leeds,AS Roma,Fin de cesión 30/06/2024,Diego LlorenteD. Llorente
6,Chelsea,AS Roma,Fin de cesión 30/06/2024,Romelu LukakuR. Lukaku
7,RB Leipzig,AS Roma,Fin de cesión 30/06/2024,AngeliñoAngeliño
8,Leeds,AS Roma,Fin de cesión 30/06/2024,Rasmus KristensenR. Kristensen
9,B. Leverkusen,AS Roma,Fin de cesión 30/06/2024,Sardar AzmounS. Azmoun
0,Lazio,Marsella,"13,00 mill. €",Mattéo GuendouziM. Guendouzi
1,Lazio,Salernitana,"10,00 mill. €",Loum TchaounaL. Tchaouna
2,Lazio,Hellas Verona,"8,90 mill. €",Tijjani NoslinT. Noslin
3,Lazio,Hatayspor,"Coste de cesión: 2,00 mill. €",Fisayo Dele-BashiruF. Dele-Bashiru
4,Lazio,V. Francavilla,Libre,Gabriele ArtisticoG. Artistico
5,Lazio,Lazio U19,-,Alessandro MilaniA. Milani
0,Al-Duhail SC,Lazio,"10,50 mill. €",Luis AlbertoLuis Alberto
1,UD Almería,Lazio,"8,10 mill. €",Luís MaximianoL. Maximiano
2,Besiktas,Lazio,"3,00 mill. €",Ciro ImmobileC. Immobile
3,Real Valladolid,Lazio,"2,50 mill. €",Raúl MoroR. Moro
4,Catania,Lazio,Libre,Marius AdamonisM. Adamonis
5,Palmeiras,Lazio,Libre,Felipe AndersonFelipe Anderson
6,Crystal Palace,Lazio,Libre,Daichi KamadaD. Kamada
7,Potenza,Lazio,Libre,Mattia NovellaM. Novella
8,Ascoli,Lazio,Cesión,Marco BertiniM. Bertini
9,Juve Stabia,Lazio,Cesión,Gabriele ArtisticoG. Artistico
10,Südtirol,Lazio,Cesión,Valerio CrespiV. Crespi
11,Juve Stabia,Lazio,Cesión,Romano Floriani MussoliniR. Floriani Mussolini
12,Sin equipo,Lazio,-,Cristiano LombardiC. Lombardi
13,Salernitana,Lazio,Fin de cesión 30/06/2024,Luigi SepeL. Sepe
14,Marsella,Lazio,Fin de cesión 30/06/2024,Mattéo GuendouziM. Guendouzi
0,Fiorentina,Juventus,"13,00 mill. €",Moise KeanM. Kean
1,Fiorentina,Boca Juniors,Libre,Nicolás ValentiniN. Valentini
0,Aris Limassol,Fiorentina,Libre,Aleksandr KokorinA. Kokorin
1,Cosenza,Fiorentina,?,Christian Dalle MuraC. Dalle Mura
2,Salernitana,Fiorentina,Cesión,Davide GentileD. Gentile
3,Bari,Fiorentina,Cesión,Costantino FavasuliC. Favasuli
4,Sin equipo,Fiorentina,-,Alfred DuncanA. Duncan
5,Sin equipo,Fiorentina,-,Giacomo BonaventuraG. Bonaventura
6,Sin equipo,Fiorentina,-,Gaetano CastrovilliG. Castrovilli
7,Sassuolo,Fiorentina,Fin de cesión 30/06/2024,Maxime LópezM. López
8,Hellas Verona,Fiorentina,Fin de cesión 30/06/2024,Davide FaraoniD. Faraoni
9,AS Roma,Fiorentina,Fin de cesión 30/06/2024,Andrea BelottiA. Belotti
10,Juventus,Fiorentina,Fin de cesión 30/06/2024,Arthur MeloArthur Melo
0,Torino,Atalanta,"5,60 mill. €",Duván ZapataD. Zapata
1,Torino,Udinese,"1,00 mill. €",Adam MasinaA. Masina
0,Nápoles,Torino,"35,00 mill. €",Alessandro BuongiornoA. Buongiorno
1,Como,Torino,"1,50 mill. €",Ben Lhassine KoneB. Kone
2,Juve Stabia,Torino,Cesión,Tommaso Di MarcoT. Di Marco
3,Sin equipo,Torino,-,Koffi DjidjiK. Djidji
4,Sin equipo,Torino,-,Ricardo RodríguezR. Rodríguez
5,Sin equipo,Torino,-,Luca GemelloL. Gemello
6,Cremonese,Torino,Fin de cesión 30/06/2024,David OkerekeD. Okereke
7,Salernitana,Torino,Fin de cesión 30/06/2024,Matteo LovatoM. Lovato
8,Udinese,Torino,Fin de cesión 30/06/2024,Adam MasinaA. Masina
9,Atalanta,Torino,Fin de cesión 30/06/2024,Duván ZapataD. Zapata
10,Estrella Roja,Torino,Fin de cesión 30/06/2024,Uros KabicU. Kabic
0,Nápoles,Torino,"35,00 mill. €",Alessandro BuongiornoA. Buongiorno
1,Nápoles,Real Madrid,"12,00 mill. €",Rafa MarínR. Marín
2,Nápoles,Monza,Libre,Matija PopovicM. Popovic
3,Nápoles,AS Roma,Libre,Leonardo SpinazzolaL. Spinazzola
4,Nápoles,Napoli U19,-,Luigi D'AvinoL. D'Avino
5,Nápoles,Napoli U19,-,Lorenzo RussoL. Russo
0,Hertha Berlín,Nápoles,Libre,Diego DemmeD. Demme
1,Inter,Nápoles,Libre,Piotr ZielińskiP. Zieliński
2,Bari,Nápoles,Cesión,Lorenzo SgarbiL. Sgarbi
3,Génova,Nápoles,Cesión,Alessandro ZanoliA. Zanoli
4,Bari,Nápoles,Cesión,Nosa Edward ObaretinN. Obaretin
5,Aston Villa,Nápoles,Fin de cesión 30/06/2024,Leander DendonckerL. Dendoncker
6,Sin equipo,Nápoles,-,Hubert IdasiakH. Idasiak
7,Bournemouth,Nápoles,Fin de cesión 30/06/2024,Hamed Junior TraorèH. Traorè
8,Atalanta,Nápoles,Fin de cesión 30/06/2024,Pierluigi GolliniP. Gollini
0,Génova,Marsella,"16,00 mill. €",VitinhaVitinha
1,Génova,Juventus,"8,00 mill. €",Koni De WinterK. De Winter
2,Génova,Unión Berlín,"4,00 mill. €",Morten ThorsbyM. Thorsby
3,Génova,Salernitana,"2,00 mill. €",Emil BohinenE. Bohinen
4,Génova,Nápoles,Cesión,Alessandro ZanoliA. Zanoli
0,Inter,Génova,"13,50 mill. €",Josep MartínezJ. Martínez
1,Spezia,Génova,590 mil €,Francesco CassataF. Cassata
2,Sampdoria,Génova,500 mil €,Massimo CodaM. Coda
3,Górnik Zabrze,Génova,?,Aleksander BuksaA. Buksa
4,Pontedera,Génova,Cesión,Simone CalvaniS. Calvani
5,Sin equipo,Génova,-,Kevin StrootmanK. Strootman
6,Venezia,Génova,Fin de cesión 30/06/2024,Ridgeciano HapsR. Haps
7,Marsella,Génova,Fin de cesión 30/06/2024,VitinhaVitinha
8,Monza,Génova,Fin de cesión 29/06/2024,Giorgio CittadiniG. Cittadini
9,Tottenham,Génova,Fin de cesión 30/06/2024,Djed SpenceD. Spence
10,Salernitana,Génova,Fin de cesión 30/06/2024,Emil BohinenE. Bohinen
11,Unión Berlín,Génova,Fin de cesión 30/06/2024,Morten ThorsbyM. Thorsby
12,Juventus,Génova,Fin de cesión 30/06/2024,Koni De WinterK. De Winter
0,Monza,Sassuolo,"3,00 mill. €",Georgios KyriakopoulosG. Kyriakopoulos
1,Monza,Manchester Utd.,Libre,Omari ForsonO. Forson
2,Monza,Monza U19,-,Tommaso MarrasT. Marras
3,Monza,Monza U19,-,Andrea MazzaA. Mazza
0,Inter,Monza,"13,00 mill. €",Carlos AugustoCarlos Augusto
1,Juventus,Monza,"Coste de cesión: 4,50 mill. €",Michele Di GregorioM. Di Gregorio
2,Nápoles,Monza,Libre,Matija PopovicM. Popovic
3,Mantova,Monza,?,Leonardo MancusoL. Mancuso
4,Catania,Monza,?,Armando AnastasioA. Anastasio
5,Sin equipo,Monza,-,Papu GómezPapu Gómez
6,Sin equipo,Monza,-,Giulio DonatiG. Donati
7,Nápoles,Monza,Fin de cesión 30/06/2024,Alessio ZerbinA. Zerbin
8,Atalanta,Monza,Fin de cesión 30/06/2024,Giorgio CittadiniG. Cittadini
9,Inter,Monza,Fin de cesión 30/06/2024,Valentín CarboniV. Carboni
10,Inter,Monza,Fin de cesión 30/06/2024,Franco CarboniF. Carboni
11,Juventus,Monza,Fin de cesión 30/06/2024,Stefano GoriS. Gori
12,AC Milan,Monza,Fin de cesión 30/06/2024,Daniel MaldiniD. Maldini
13,Sassuolo,Monza,Fin de cesión 30/06/2024,Georgios KyriakopoulosG. Kyriakopoulos
14,AC Milan,Monza,Fin de cesión 30/06/2024,Lorenzo ColomboL. Colombo
15,Lazio,Monza,Fin de cesión 30/06/2024,Jean-Daniel Akpa AkproJ. Akpa Akpro
0,Hellas Verona,Hertha Berlín,"4,50 mill. €",Suat SerdarS. Serdar
1,Hellas Verona,R Charleroi SC,"3,00 mill. €",Jackson TchatchouaJ. Tchatchoua
2,Hellas Verona,Frosinone,"1,20 mill. €",Abdou HarrouiA. Harroui
3,Hellas Verona,CD América,700 mil €,Daniel MosqueraD. Mosquera
4,Hellas Verona,LR Vicenza,500 mil €,Christian CorradiC. Corradi
5,Hellas Verona,Nordsjælland,Libre,Martin FreseM. Frese
6,Hellas Verona,Heracles Almelo,?,Ajdin HrustićA. Hrustić
7,Hellas Verona,Sassuolo U19,?,Junior AjayiJ. Ajayi
8,Hellas Verona,Verona U19,-,Alphadjo CissèA. Cissè
9,Hellas Verona,Verona U19,-,Karlson NwanegeK. Nwanege
10,Hellas Verona,Verona U19,-,Giacomo TonioloG. Toniolo
0,Lazio,Hellas Verona,"8,90 mill. €",Tijjani NoslinT. Noslin
1,FC Basilea,Hellas Verona,440 mil €,Kevin RüeggK. Rüegg
2,Monopoli,Hellas Verona,?,Philip YeboahP. Yeboah
3,Juve Stabia,Hellas Verona,?,Christian PierobonC. Pierobon
4,Virtus Verona,Hellas Verona,Cesión,Federico CaiaF. Caia
5,Trento,Hellas Verona,Cesión,Edoardo BernardiE. Bernardi
6,Göztepe,Hellas Verona,Cesión,Koray GünterK. Günter
7,Sin equipo,Hellas Verona,-,Mert ÇetinM. Çetin
8,Nápoles,Hellas Verona,Fin de cesión 30/06/2024,Michael FolorunshoM. Folorunsho
9,R Charleroi SC,Hellas Verona,Fin de cesión 30/06/2024,Jackson TchatchouaJ. Tchatchoua
10,FC Nantes,Hellas Verona,Fin de cesión 30/06/2024,Fabien CentonzeF. Centonze
11,Vitória U20,Hellas Verona,Fin de cesión 30/06/2024,CharlysCharlys
12,Hertha Berlín,Hellas Verona,Fin de cesión 30/06/2024,Suat SerdarS. Serdar
13,Charlotte,Hellas Verona,Fin de cesión 30/06/2024,Karol ŚwiderskiK. Świderski
14,Salernitana,Hellas Verona,Fin de cesión 30/06/2024,Federico BonazzoliF. Bonazzoli
15,Sporting Lisboa,Hellas Verona,Fin de cesión 30/06/2024,Rúben VinagreR. Vinagre
0,Lecce,CF Estrela,"2,00 mill. €",Kialonda GasparKialonda Gaspar
1,Lecce,Austria Viena,"1,00 mill. €",Christian FrüchtlC. Früchtl
2,Lecce,Elche CF,Libre,Tete MorenteTete Morente
3,Lecce,QRM,Libre,Balthazar PierretB. Pierret
4,Lecce,Lecce U19,-,Ed McJannetE. McJannet
0,Como,Lecce,"5,00 mill. €",Gabriel StrefezzaG. Strefezza
1,Sin equipo,Lecce,-,Kastriot DermakuK. Dermaku
2,Basaksehir,Lecce,Fin de cesión 30/06/2024,Ahmed ToubaA. Touba
3,Rostov,Lecce,Fin de cesión 30/06/2024,Pontus AlmqvistP. Almqvist
4,Atalanta,Lecce,Fin de cesión 30/06/2024,Roberto PiccoliR. Piccoli
0,Udinese,Pisa,"8,00 mill. €",Lorenzo LuccaL. Lucca
1,Udinese,Colo-Colo,"3,50 mill. €",Damián PizarroD. Pizarro
0,Cruzeiro,Udinese,"8,00 mill. €",WalaceWalace
1,Torino,Udinese,"1,00 mill. €",Adam MasinaA. Masina
2,AEK Atenas,Udinese,Libre,Roberto PereyraR. Pereyra
3,Pisa,Udinese,Fin de cesión 30/06/2024,Lorenzo LuccaL. Lucca
0,Cagliari,FC Empoli,"3,50 mill. €",Sebastiano LupertoS. Luperto
1,Cagliari,Feralpisalò,"2,00 mill. €",Mattia FeliciM. Felici
2,Cagliari,Cagliari U19,-,Kingstone MutandwaK. Mutandwa
3,Cagliari,Cagliari U19,-,Velizar-Iliya IlievV. Iliev
4,Cagliari,Cagliari U19,-,Etienne CatenaE. Catena
0,Como,Cagliari,"8,00 mill. €",Alberto DossenaA. Dossena
1,Venezia,Cagliari,"1,00 mill. €",Giorgio AltareG. Altare
2,Al-Qadsiah,Cagliari,Libre,Nahitan NándezN. Nández
3,Pro Patria,Cagliari,?,Christian TravagliniC. Travaglini
4,Cittadella,Cagliari,?,Jacopo DesogusJ. Desogus
5,Vis Pesaro,Cagliari,Cesión,Luigi PalombaL. Palomba
6,Feralpisalò,Cagliari,Cesión,Nicolò CavuotiN. Cavuoti
7,Austria Viena,Cagliari,Cesión,Nik PrelecN. Prelec
8,Sin equipo,Cagliari,-,Gianluca ContiniG. Contini
9,Sin equipo,Cagliari,-,Simone ArestiS. Aresti
10,Sin equipo,Cagliari,-,Marco MancosuM. Mancosu
11,Sin equipo,Cagliari,-,Nicolas ViolaN. Viola
12,Monza,Cagliari,Fin de cesión 30/06/2024,Andrea PetagnaA. Petagna
13,AS Roma,Cagliari,Fin de cesión 30/06/2024,Eldor ShomurodovE. Shomurodov
14,Inter,Cagliari,Fin de cesión 30/06/2024,Gaetano OristanioG. Oristanio
15,Nápoles,Cagliari,Fin de cesión 30/06/2024,Gianluca GaetanoG. Gaetano
0,FC Empoli,Empoli U19,-,Andrea SoderoA. Sodero
1,FC Empoli,Empoli U19,-,Jacopo SeghettiJ. Seghetti
2,FC Empoli,Empoli U19,-,Gabriele IndragoliG. Indragoli
3,FC Empoli,Empoli U19,-,Herculano NabianH. Nabian
0,Cagliari,FC Empoli,"3,50 mill. €",Sebastiano LupertoS. Luperto
1,UC AlbinoLeffe,FC Empoli,Libre,Nicolò EvangelistiN. Evangelisti
2,Foll. Gavorrano,FC Empoli,Cesión,Matteo MorelliM. Morelli
3,NK Celje,FC Empoli,Cesión,Lovro StubljarL. Stubljar
4,Sin equipo,FC Empoli,-,Etrit BerishaE. Berisha
5,Sin equipo,FC Empoli,-,M'Baye NiangM. Niang
6,Sin equipo,FC Empoli,-,Mattia DestroM. Destro
7,Sin equipo,FC Empoli,-,Lorenzo TonelliL. Tonelli
8,Spezia,FC Empoli,Fin de cesión 30/06/2024,Simone BastoniS. Bastoni
9,Nápoles,FC Empoli,Fin de cesión 30/06/2024,Elia CaprileE. Caprile
10,Como,FC Empoli,Fin de cesión 30/06/2024,Alberto CerriA. Cerri
11,Sampdoria,FC Empoli,Fin de cesión 30/06/2024,Bartosz BereszyńskiB. Bereszyński
12,Spezia,FC Empoli,Fin de cesión 30/06/2024,Szymon ŻurkowskiS. Żurkowski
13,Lazio,FC Empoli,Fin de cesión 30/06/2024,Matteo CancellieriM. Cancellieri
14,Atalanta,FC Empoli,Fin de cesión 30/06/2024,Nicolò CambiaghiN. Cambiaghi
15,Cagliari,FC Empoli,Fin de cesión 30/06/2024,Răzvan MarinR. Marin
16,Lecce,FC Empoli,Fin de cesión 30/06/2024,Youssef MalehY. Maleh
17,Atalanta,FC Empoli,Fin de cesión 30/06/2024,Viktor KovalenkoV. Kovalenko
0,Parma,Frosinone,Libre,Emanuele ValeriE. Valeri
0,Cosenza,Parma,"2,50 mill. €",Gennaro TutinoG. Tutino
1,Real Valladolid,Parma,"1,50 mill. €",Stanko JuricS. Juric
2,Benevento,Parma,Libre,Eric LaniniE. Lanini
3,Almere City,Parma,Libre,Vasilios ZagaritisV. Zagaritis
4,Teramo,Parma,Libre,Fabian PavoneF. Pavone
5,Latina Calcio,Parma,?,Antonello VonaA. Vona
6,Sin equipo,Parma,-,Roberto IngleseR. Inglese
7,Sin equipo,Parma,-,Stefano PalmucciS. Palmucci
8,Sin equipo,Parma,-,Cristian AnsaldiC. Ansaldi
0,Como,Cagliari,"8,00 mill. €",Alberto DossenaA. Dossena
1,Como,Lecce,"5,00 mill. €",Gabriel StrefezzaG. Strefezza
2,Como,AS Roma,"4,50 mill. €",Andrea BelottiA. Belotti
3,Como,Torino,"1,50 mill. €",Ben Lhassine KoneB. Kone
4,Como,Austria Viena,"1,50 mill. €",Matthias BraunöderM. Braunöder
5,Como,Podbrezova,?,Peter KovacikP. Kovacik
6,Como,Südtirol,?,Marco CurtoM. Curto
7,Como,Palmeiras U20,Cesión,Fellipe JackF. Jack
0,Spezia,Como,?,Luca VignaliL. Vignali
1,Südtirol,Como,?,Tommaso ArrigoniT. Arrigoni
2,Mantova,Como,?,Matteo SoliniM. Solini
3,Lumezzane,Como,Cesión,Marco TremoladaM. Tremolada
4,Legia Varsovia,Como,Cesión,Jean-Pierre NsameJ. Nsame
5,Austria Viena,Como,Fin de cesión 30/06/2024,Matthias BraunöderM. Braunöder
6,Südtirol,Como,Fin de cesión 30/06/2024,Marco CurtoM. Curto
7,Torino,Como,Fin de cesión 30/06/2024,Ben Lhassine KoneB. Kone
8,Lecce,Como,Fin de cesión 30/06/2024,Gabriel StrefezzaG. Strefezza
0,Venezia,Inter,"4,00 mill. €",Gaetano OristanioG. Oristanio
1,Venezia,Cagliari,"1,00 mill. €",Giorgio AltareG. Altare
2,Venezia,UC AlbinoLeffe,"1,00 mill. €",Issa DoumbiaI. Doumbia
3,Venezia,Piacenza,Libre,Noah BaudouinN. Baudouin
4,Venezia,Vic Marra,?,Simone AscioneS. Ascione
5,Venezia,Venezia U19,-,Saad El HaddadS. El Haddad
0,Hertha Berlín,Venezia,300 mil €,Michaël CuisanceM. Cuisance
1,Retirado,Venezia,-,Marco ModoloM. Modolo
2,Sin equipo,Venezia,-,Filippo NeriF. Neri
3,Sin equipo,Venezia,-,Jay EnemJay Enem
4,Sin equipo,Venezia,-,Denis CheryshevD. Cheryshev
5,Torino,Venezia,Fin de cesión 30/06/2024,Ali DembéléA. Dembélé
6,Juve Next Gen,Venezia,Fin de cesión 30/06/2024,Marco OlivieriM. Olivieri
7,Cagliari,Venezia,Fin de cesión 30/06/2024,Giorgio AltareG. Altare
0,Mónaco,Krasnodar,"20,00 mill. €",Matvey SafonovM. Safonov
1,Mónaco,Benfica,Fin de cesión 30/06/2024,Juan BernatJ. Bernat
2,Mónaco,Adana Demirspor,Fin de cesión 30/06/2024,Edouard MichutE. Michut
3,Mónaco,AS Roma,Fin de cesión 30/06/2024,Renato SanchesR. Sanches
4,Mónaco,Al-Sadd SC,Fin de cesión 30/06/2024,Ilyes HousniI. Housni
5,Mónaco,AJ Auxerre,Fin de cesión 30/06/2024,Colin DagbaC. Dagba
6,Mónaco,USL Dunkerque,Fin de cesión 30/06/2024,Lucas LavalléeL. Lavallée
7,Mónaco,Stade-Lausanne,Fin de cesión 30/06/2024,Ismaël GharbiI. Gharbi
8,Mónaco,Corinthians,Fin de cesión 30/06/2024,Gabriel MoscardoGabriel Moscardo
9,Mónaco,SC Braga,Fin de cesión 30/06/2024,Cher NdourC. Ndour
10,Mónaco,FC Lorient,Fin de cesión 30/06/2024,Ayman KariA. Kari
11,Mónaco,Wolverhampton,Fin de cesión 30/06/2024,Noha LeminaN. Lemina
12,Mónaco,RB Leipzig,Fin de cesión 30/06/2024,Xavi SimonsX. Simons
13,Mónaco,Eintracht,Fin de cesión 30/06/2024,Hugo EkitikéH. Ekitiké
0,Eintracht,Mónaco,"16,50 mill. €",Hugo EkitikéH. Ekitiké
1,Real Madrid,Mónaco,Libre,Kylian MbappéK. Mbappé
2,Adana Demirspor,Mónaco,Libre,Edouard MichutE. Michut
3,Sin equipo,Mónaco,-,Sergio RicoS. Rico
4,Sin equipo,Mónaco,-,Layvin KurzawaL. Kurzawa
5,Sin equipo,Mónaco,-,Keylor NavasK. Navas
6,Sin equipo,Mónaco,-,Alexandre LetellierA. Letellier
0,Stade Brestois,West Ham,"11,00 mill. €",Thilo KehrerT. Kehrer
1,Stade Brestois,FC Twente,Fin de cesión 30/06/2024,Myron BoaduM. Boadu
2,Stade Brestois,Clermont Foot,Fin de cesión 30/06/2024,Chrislain MatsimaC. Matsima
3,Stade Brestois,Círculo Brujas,Fin de cesión 30/06/2024,Félix LemaréchalF. Lemaréchal
4,Stade Brestois,Royal Amberes,Fin de cesión 30/06/2024,Eliot MatazoE. Matazo
0,Sin equipo,Stade Brestois,-,Wissam Ben YedderW. Ben Yedder
1,West Ham,Stade Brestois,Fin de cesión 30/06/2024,Thilo KehrerT. Kehrer
0,LOSC Lille,Lens,"1,70 mill. €",Julien Le CardinalJ. Le Cardinal
1,LOSC Lille,Rodez AF,Fin de cesión 30/06/2024,Taïryk ArconteT. Arconte
2,LOSC Lille,AC Ajaccio,Fin de cesión 30/06/2024,Josué EscartinJ. Escartin
3,LOSC Lille,Blackpool,Fin de cesión 30/06/2024,Karamoko DembéléK. Dembélé
4,LOSC Lille,R Charleroi SC,Fin de cesión 30/06/2024,Achraf DariA. Dari
5,LOSC Lille,SM Caen,Fin de cesión 30/06/2024,Hianga'a MbockH. Mbock
0,FC Augsburgo,LOSC Lille,Libre,Steve MouniéS. Mounié
1,Hansa Rostock,LOSC Lille,Libre,Adrien LebeauA. Lebeau
2,Marsella,LOSC Lille,Cesión,Lilian BrassierL. Brassier
3,Marsella,LOSC Lille,Fin de cesión 30/06/2024,Jordan AmaviJ. Amavi
4,Lens,LOSC Lille,Fin de cesión 30/06/2024,Julien Le CardinalJ. Le Cardinal
5,Mónaco U21,LOSC Lille,Fin de cesión 30/06/2024,Antonin CartillierA. Cartillier
6,Niza,LOSC Lille,Fin de cesión 30/06/2024,Billal BrahimiB. Brahimi
7,Stade Reims,LOSC Lille,Fin de cesión 30/06/2024,Kamory DoumbiaK. Doumbia
8,Inter,LOSC Lille,Fin de cesión 30/06/2024,Martín SatrianoM. Satriano
0,Niza,KV Malinas,"5,00 mill. €",Ngal'ayel MukauN. Mukau
1,Niza,Paris SG U19,Libre,Ethan MbappéE. Mbappé
2,Niza,LOSC Lille B,-,Trévis DagoT. Dago
3,Niza,LOSC Lille B,-,Joffrey BaziéJ. Bazié
4,Niza,LOSC Lille B,-,Lisandru OlmetaL. Olmeta
5,Niza,Real Zaragoza,Fin de cesión 30/06/2024,Akim ZedadkaA. Zedadka
6,Niza,Clermont Foot,Fin de cesión 30/06/2024,Alan VirginiusA. Virginius
7,Niza,Le Havre AC,Fin de cesión 30/06/2024,Mohamed BayoM. Bayo
0,Sin equipo,Niza,-,Adam OunasA. Ounas
1,Sin equipo,Niza,-,Yusuf YazıcıY. Yazıcı
2,Sin equipo,Niza,-,Ivan CavaleiroI. Cavaleiro
3,Sin equipo,Niza,-,Adam JakubechA. Jakubech
0,Lens,Aston Villa,"4,00 mill. €",Morgan SansonM. Sanson
1,Lens,Tottenham,Libre,Tanguy NdombéléT. Ndombélé
2,Lens,Arouca,Fin de cesión 30/06/2024,Robson BambuRobson Bambu
3,Lens,Lausanne-Sport,Fin de cesión 30/06/2024,Rareș IlieR. Ilie
4,Lens,Sassuolo,Fin de cesión 30/06/2024,Mattia VitiM. Viti
5,Lens,Amiens SC,Fin de cesión 30/06/2024,Ayoub AmraouiA. Amraoui
6,Lens,FC Lorient,Fin de cesión 30/06/2024,Badredine BouananiB. Bouanani
7,Lens,Stade Brestois,Fin de cesión 30/06/2024,Billal BrahimiB. Brahimi
0,Juventus,Lens,"20,60 mill. €",Khéphren ThuramK. Thuram
1,SC Braga,Lens,"1,20 mill. €",Robson BambuRobson Bambu
2,Sin equipo,Lens,-,Alexis Claude-MauriceA. Claude-Maurice
3,Besiktas,Lens,Fin de cesión 30/06/2024,Valentin RosierV. Rosier
4,Aston Villa,Lens,Fin de cesión 30/06/2024,Morgan SansonM. Sanson
5,Southampton,Lens,Fin de cesión 30/06/2024,Romain PerraudR. Perraud
0,Marsella,Nottm Forest,"31,90 mill. €",Moussa NiakhatéM. Niakhaté
1,Marsella,RWDM,"28,50 mill. €",Ernest NuamahE. Nuamah
2,Marsella,Nottm Forest,"23,40 mill. €",Orel MangalaO. Mangala
3,Marsella,West Ham,"14,40 mill. €",Saïd BenrahmaS. Benrahma
4,Marsella,Real Betis,"8,00 mill. €",AbnerAbner
5,Marsella,Troyes,"6,00 mill. €",Mama BaldéM. Baldé
6,Marsella,Southampton,"3,59 mill. €",Duje Caleta-CarD. Caleta-Car
7,Marsella,Olymp. Lyon B,-,Islamdine HalifaI. Halifa
8,Marsella,USL Dunkerque,Fin de cesión 30/06/2024,Achraf LaâziriA. Laâziri
9,Marsella,Werder Bremen,Fin de cesión 30/06/2024,Skelly AlveroS. Alvero
10,Marsella,FC Nantes,Fin de cesión 30/06/2024,Tino KadewereT. Kadewere
11,Marsella,VfL Wolfsburgo,Fin de cesión 30/06/2024,Amin SarrAmin Sarr
12,Marsella,RWDM,Fin de cesión 30/06/2024,Mamadou SarrM. Sarr
13,Marsella,Stade Lavallois,Fin de cesión 30/06/2024,Irvyn LomamiI. Lomami
14,Marsella,RWDM,Fin de cesión 30/06/2024,Florent SanchezF. Sanchez
15,Marsella,Botafogo,Fin de cesión 31/12/2024,JeffinhoJeffinho
0,Werder Bremen,Marsella,"4,75 mill. €",Skelly AlveroS. Alvero
1,FC Nantes,Marsella,Libre,Tino KadewereT. Kadewere
2,RWDM,Marsella,Cesión,Achraf LaâziriA. Laâziri
3,RWDM,Marsella,Cesión,Islamdine HalifaI. Halifa
4,Sin equipo,Marsella,-,Henrique SilvaH. Silva
5,RWDM,Marsella,Fin de cesión 30/06/2024,Ernest NuamahE. Nuamah
6,West Ham,Marsella,Fin de cesión 30/06/2024,Saïd BenrahmaS. Benrahma
7,Southampton,Marsella,Fin de cesión 30/06/2024,Duje Caleta-CarD. Caleta-Car
8,Troyes,Marsella,Fin de cesión 30/06/2024,Mama BaldéM. Baldé
9,Nottm Forest,Marsella,Fin de cesión 30/06/2024,Orel MangalaO. Mangala
0,Stade Reims,EC Bahia,"4,50 mill. €",Jhoanner ChávezJ. Chávez
1,Stade Reims,R Charleroi SC,"2,50 mill. €",Hervé KoffiH. Koffi
2,Stade Reims,RC Lens B,-,Ayanda SishubaA. Sishuba
3,Stade Reims,RC Lens B,-,Tom PouillyT. Pouilly
4,Stade Reims,RC Lens B,-,Ismaëlo GaniouI. Ganiou
5,Stade Reims,Stade Brestois,Fin de cesión 30/06/2024,Julien Le CardinalJ. Le Cardinal
6,Stade Reims,Stade Lavallois,Fin de cesión 30/06/2024,Rémy Labeau LascaryR. Labeau Lascary
7,Stade Reims,Toulouse,Fin de cesión 30/06/2024,Stijn SpieringsS. Spierings
8,Stade Reims,AS Nancy,Fin de cesión 30/06/2024,Mamadou CamaraM. Camara
9,Stade Reims,Hamburgo,Fin de cesión 30/06/2024,Lukasz PorebaL. Poreba
10,Stade Reims,Antalyaspor,Fin de cesión 30/06/2024,Adam BuksaA. Buksa
0,Midtjylland,Stade Reims,"4,00 mill. €",Adam BuksaA. Buksa
1,Stade Brestois,Stade Reims,"1,70 mill. €",Julien Le CardinalJ. Le Cardinal
2,Hamburgo,Stade Reims,300 mil €,Lukasz PorebaL. Poreba
3,Rodez AF,Stade Reims,Libre,Ibrahima BaldéI. Baldé
4,Retirado,Stade Reims,-,Jean-Louis LecaJ. Leca
5,EC Bahia,Stade Reims,Fin de cesión 30/06/2024,Jhoanner ChávezJ. Chávez
0,Stade Rennes,Watford,"12,00 mill. €",Ismaël KonéI. Koné
1,Stade Rennes,FC Lorient,"10,50 mill. €",Bamo MeïtéB. Meïté
2,Stade Rennes,Stade Brestois,Cesión,Lilian BrassierL. Brassier
3,Stade Rennes,Frosinone,Fin de cesión 30/06/2024,Pol LirolaP. Lirola
4,Stade Rennes,Stade Brestois,Fin de cesión 30/06/2024,Jordan AmaviJ. Amavi
5,Stade Rennes,Génova,Fin de cesión 30/06/2024,VitinhaVitinha
6,Stade Rennes,USL Dunkerque,Fin de cesión 30/06/2024,François MugheF. Mughe
7,Stade Rennes,Lazio,Fin de cesión 30/06/2024,Mattéo GuendouziM. Guendouzi
8,Stade Rennes,Neuchâtel Xamax,Fin de cesión 30/06/2024,Salim Ben SeghirS. Ben Seghir
9,Stade Rennes,SD Eibar,Fin de cesión 30/06/2024,Konrad de la FuenteK. de la Fuente
0,Everton,Stade Rennes,"18,00 mill. €",Iliman NdiayeI. Ndiaye
1,Génova,Stade Rennes,"16,00 mill. €",VitinhaVitinha
2,Lazio,Stade Rennes,"13,00 mill. €",Mattéo GuendouziM. Guendouzi
3,Villarreal CF,Stade Rennes,Libre,Pape GueyeP. Gueye
4,Sin equipo,Stade Rennes,-,Salim Ben SeghirS. Ben Seghir
5,FC Lorient,Stade Rennes,Fin de cesión 30/06/2024,Bamo MeïtéB. Meïté
6,Inter,Stade Rennes,Fin de cesión 30/06/2024,Joaquín CorreaJ. Correa
7,Besiktas,Stade Rennes,Fin de cesión 30/06/2024,Jean OnanaJ. Onana
0,Toulouse,Stade Reims B,-,Ewen JaouenE. Jaouen
1,Toulouse,SM Caen,Fin de cesión 30/06/2024,Amine SalamaA. Salama
2,Toulouse,Stade-Lausanne,Fin de cesión 30/06/2024,Ibrahim DiakitéI. Diakité
3,Toulouse,Stade Brestois,Fin de cesión 30/06/2024,Kamory DoumbiaK. Doumbia
4,Toulouse,SC Bastia,Fin de cesión 30/06/2024,Check KeitaC. Keita
5,Toulouse,FC Annecy,Fin de cesión 30/06/2024,Martin AdelineM. Adeline
0,Círculo Brujas,Toulouse,700 mil €,Ibrahim DiakitéI. Diakité
1,St-Étienne,Toulouse,Libre,Yunis AbdelhamidY. Abdelhamid
2,R Charleroi SC,Toulouse,?,Check KeitaC. Keita
3,Sin equipo,Toulouse,-,Benjamin StambouliB. Stambouli
4,USL Dunkerque,Toulouse,Cesión,Ewen JaouenE. Jaouen
0,Montpellier,FC Nantes,Fin de cesión 30/06/2024,Matthis AblineM. Abline
1,Montpellier,Amiens SC,"1,00 mill. €",Mohamed JaouabM. Jaouab
2,Montpellier,Rennes B,-,Mahamadou NagidaM. Nagida
3,Montpellier,FC Lorient,Fin de cesión 30/06/2024,Alfred GomisA. Gomis
4,Montpellier,Troyes,Fin de cesión 30/06/2024,Doğan AlemdarD. Alemdar
5,Montpellier,Burnley,Fin de cesión 30/06/2024,Lorenz AssignonL. Assignon
6,Montpellier,QRM,Fin de cesión 30/06/2024,Alan Do MarcolinoA. Do Marcolino
7,Montpellier,Clermont Foot,Fin de cesión 30/06/2024,Jérémy JacquetJ. Jacquet
0,AS Roma,Montpellier,"23,00 mill. €",Enzo Le FéeE. Le Fée
1,B. Leverkusen,Montpellier,"15,00 mill. €",Jeanuël BelocianJ. Belocian
2,FC Nantes,Montpellier,"10,00 mill. €",Matthis AblineM. Abline
3,VfB Stuttgart,Montpellier,Coste de cesión: 800 mil €,Fabian RiederF. Rieder
4,Palermo,Montpellier,Libre,Alfred GomisA. Gomis
0,Estrasburgo,Leeds,"4,50 mill. €",Charlie CresswellC. Cresswell
1,Estrasburgo,VfB Stuttgart,Fin de cesión 30/06/2024,Anthony RouaultA. Rouault
2,Estrasburgo,Lokomotiv Moscú,Fin de cesión 30/06/2024,Said HamulicS. Hamulic
3,Estrasburgo,Vozdovac,Fin de cesión 30/06/2024,Junior FlemmingsJ. Flemmings
4,Estrasburgo,Botev Vratsa,Fin de cesión 30/06/2024,Kléri SerberK. Serber
5,Estrasburgo,Randers FC,Fin de cesión 31/12/2024,Oliver ZandénO. Zandén
6,Estrasburgo,Pau FC,Fin de cesión 30/06/2024,Yanis BegraouiY. Begraoui
7,Estrasburgo,Troyes,Fin de cesión 30/06/2024,Mamady BangréM. Bangré
8,Estrasburgo,Sparta Praga,Fin de cesión 30/06/2024,Veljko BirmancevicV. Birmancevic
0,VfB Stuttgart,Estrasburgo,"3,00 mill. €",Anthony RouaultA. Rouault
1,Sparta Praga,Estrasburgo,"2,30 mill. €",Veljko BirmancevicV. Birmancevic
2,Austin,Estrasburgo,Libre,Mikkel DeslerM. Desler
3,Estoril Praia,Estrasburgo,?,Yanis BegraouiY. Begraoui
4,Plymouth Argyle,Estrasburgo,Cesión,Ibrahim CissokoI. Cissoko
5,Sin equipo,Estrasburgo,-,Thomas HimeurT. Himeur
6,Sin equipo,Estrasburgo,-,Moussa DiarraM. Diarra
7,Lens,Estrasburgo,Fin de cesión 30/06/2024,Stijn SpieringsS. Spierings
0,FC Nantes,Montpellier B,-,Othmane MaammaO. Maamma
1,FC Nantes,Burnley,Fin de cesión 30/06/2024,Maxime EstèveM. Estève
2,FC Nantes,Concarneau,Fin de cesión 30/06/2024,Gabriel BarèsG. Barès
0,Burnley,FC Nantes,"12,00 mill. €",Maxime EstèveM. Estève
1,FC Basilea,FC Nantes,500 mil €,Léo LeroyL. Leroy
2,Torino,FC Nantes,Fin de cesión 30/06/2024,Yann KaramohY. Karamoh
3,Génova,FC Nantes,Fin de cesión 30/06/2024,Silvan HeftiS. Hefti
0,Le Havre AC,Atl. Nacional,"5,20 mill. €",Óscar PereaÓ. Perea
1,Le Havre AC,AF Darou Salam,"1,20 mill. €",Pape DiongP. Diong
2,Le Havre AC,Strasbourg U19,-,Tidiane DialloT. Diallo
3,Le Havre AC,R. Strasbourg B,-,Patrick OuotroP. Ouotro
4,Le Havre AC,R. Strasbourg B,-,Jérémy SebasJ. Sebas
5,Le Havre AC,R. Strasbourg B,-,Aboubacar Ali AbdallahA. Ali Abdallah
6,Le Havre AC,Dijon,Fin de cesión 30/06/2024,Robin RisserR. Risser
7,Le Havre AC,KRC Genk,Fin de cesión 30/06/2024,Eduard SobolE. Sobol
8,Le Havre AC,FC Annecy,Fin de cesión 30/06/2024,Nordine KandilN. Kandil
9,Le Havre AC,SO Cholet,Fin de cesión 30/06/2024,Jordan RobinandJ. Robinand
10,Le Havre AC,US Avranches,Fin de cesión 30/06/2024,Dany JeanDany Jean
11,Le Havre AC,IMT Belgrad,Fin de cesión 30/06/2024,Milos LukovicM. Lukovic
0,Angers SCO,Le Havre AC,Libre,Jean-Eudes AholouJ. Aholou
1,FC Sochaux,Le Havre AC,Libre,Alexandre PierreA. Pierre
2,VfL Bochum,Le Havre AC,Libre,Ibrahima SissokoI. Sissoko
3,FC Metz,Le Havre AC,Cesión,Jessy DeminguetJ. Deminguet
4,Sin equipo,Le Havre AC,-,Jordan RobinandJ. Robinand
5,Sin equipo,Le Havre AC,-,Kévin GameiroK. Gameiro
6,Sin equipo,Le Havre AC,-,Lebo MothibaL. Mothiba
7,Chelsea,Le Havre AC,Fin de cesión 30/06/2024,Andrey SantosA. Santos
8,Chelsea,Le Havre AC,Fin de cesión 30/06/2024,ÂngeloÂngelo
0,AJ Auxerre,Stade Rennes,"10,00 mill. €",Matthis AblineM. Abline
1,AJ Auxerre,Lyon,Libre,Tino KadewereT. Kadewere
2,AJ Auxerre,FC Annecy,Fin de cesión 30/06/2024,Junior DiazJ. Diaz
3,AJ Auxerre,Paris FC,Fin de cesión 30/06/2024,Lohann DoucetL. Doucet
4,AJ Auxerre,Hellas Verona,Fin de cesión 30/06/2024,Fabien CentonzeF. Centonze
0,Stade Rennes,AJ Auxerre,Fin de cesión 30/06/2024,Matthis AblineM. Abline
1,Paris FC,AJ Auxerre,300 mil €,Lohann DoucetL. Doucet
2,Watford,AJ Auxerre,Libre,Moussa SissokoM. Sissoko
3,Sin equipo,AJ Auxerre,-,Samuel MoutoussamyS. Moutoussamy
4,Sin equipo,AJ Auxerre,-,Abdoul Kader BambaA. Bamba
5,Sin equipo,AJ Auxerre,-,Denis PetricD. Petric
6,Sin equipo,AJ Auxerre,-,Rémy DescampsR. Descamps
7,VfL Wolfsburgo,AJ Auxerre,Fin de cesión 30/06/2024,Nicolas CozzaN. Cozza
8,Lyon,AJ Auxerre,Fin de cesión 30/06/2024,Tino KadewereT. Kadewere
9,Sheff Utd,AJ Auxerre,Fin de cesión 30/06/2024,Bénie TraoréB. Traoré
10,Valencia CF,AJ Auxerre,Fin de cesión 30/06/2024,Eray CömertE. Cömert
0,Angers SCO,VAFC U19,Libre,Ismaïl BounebI. Bouneb
1,Angers SCO,Lausanne II,Libre,Ruben LondjaR. Londja
2,Angers SCO,FC Martigues,Libre,Yanis ZouaouiY. Zouaoui
3,Angers SCO,Concarneau,Fin de cesión 30/06/2024,Kandet DiawaraK. Diawara
4,Angers SCO,Concarneau,Fin de cesión 30/06/2024,Nassim ChadliN. Chadli
5,Angers SCO,AJ Auxerre,Fin de cesión 30/06/2024,Issa SoumaréI. Soumaré
6,Angers SCO,Almere City,Fin de cesión 30/06/2024,Yann KitalaY. Kitala
7,Angers SCO,USL Dunkerque,Fin de cesión 30/06/2024,Mohamed KonéM. Koné
8,Angers SCO,FC Villefranche,Fin de cesión 30/06/2024,Djamal MoussadekD. Moussadek
0,FC Versailles,Angers SCO,?,Djamal MoussadekD. Moussadek
1,R Charleroi SC,Angers SCO,?,Mohamed KonéM. Koné
2,Sin equipo,Angers SCO,-,André AyewA. Ayew
3,LOSC Lille,Angers SCO,Fin de cesión 30/06/2024,Mohamed BayoM. Bayo
0,St-Étienne,Nordsjælland,"2,00 mill. €",Lasso CoulibalyL. Coulibaly
1,St-Étienne,Luton,Libre,Gabriel OshoG. Osho
2,St-Étienne,LOSC Lille B,Libre,Tom NegrelT. Negrel
3,St-Étienne,FC Annecy,Fin de cesión 30/06/2024,Ousmane CamaraO. Camara
4,St-Étienne,KMSK Deinze,Fin de cesión 30/06/2024,Nicolas MercierN. Mercier
5,St-Étienne,NEC Nijmegen,Fin de cesión 30/06/2024,Brayann PereiraB. Pereira
0,NEC Nijmegen,St-Étienne,?,Brayann PereiraB. Pereira
1,Sin equipo,St-Étienne,-,Sonny LaitonS. Laiton
2,Le Havre AC,St-Étienne,Fin de cesión 30/06/2024,Issa SoumaréI. Soumaré
3,PSG,St-Étienne,Fin de cesión 30/06/2024,Colin DagbaC. Dagba
4,Parma,St-Étienne,Fin de cesión 30/06/2024,Nathan Buayi-KialaN. Buayi-Kiala
0,Atlético Madrid,Fenerbahce,Fin de cesión 30/06/2024,Çağlar SöyüncüÇ. Söyüncü
1,Atlético Madrid,Alavés,Fin de cesión 30/06/2024,Giuliano SimeoneG. Simeone
2,Atlético Madrid,Real Zaragoza,Fin de cesión 30/06/2024,Germán ValeraG. Valera
3,Atlético Madrid,Real Sociedad,Fin de cesión 30/06/2024,Javi GalánJ. Galán
4,Atlético Madrid,CD Mirandés,Fin de cesión 30/06/2024,Carlos MartínC. Martín
5,Atlético Madrid,Real Zaragoza,Fin de cesión 30/06/2024,Santiago MouriñoS. Mouriño
6,Atlético Madrid,Elche CF,Fin de cesión 30/06/2024,Borja GarcésB. Garcés
7,Atlético Madrid,Real Zaragoza,Fin de cesión 30/06/2024,Víctor MollejoV. Mollejo
8,Atlético Madrid,Sturm Graz,Fin de cesión 30/06/2024,Javi SerranoJ. Serrano
9,Atlético Madrid,Alavés,Fin de cesión 30/06/2024,Samu OmorodionS. Omorodion
10,Atlético Madrid,FC Barcelona,Fin de cesión 30/06/2024,João FélixJoão Félix
0,Fenerbahce,Atlético Madrid,"8,50 mill. €",Çağlar SöyüncüÇ. Söyüncü
1,Besiktas,Atlético Madrid,Libre,Gabriel PaulistaGabriel Paulista
2,Sin equipo,Atlético Madrid,-,VitoloVitolo
3,Sin equipo,Atlético Madrid,-,Memphis DepayM. Depay
4,Sin equipo,Atlético Madrid,-,Mario HermosoM. Hermoso
0,FC Barcelona,Barça Atlètic,-,Héctor FortH. Fort
1,FC Barcelona,Barça Atlètic,-,Marc CasadóM. Casadó
2,FC Barcelona,Barça Atlètic,-,Mikayil FayeM. Faye
3,FC Barcelona,Girona FC,Fin de cesión 30/06/2024,Pablo TorreP. Torre
4,FC Barcelona,Levante UD,Fin de cesión 30/06/2024,Álex ValleÁ. Valle
5,FC Barcelona,Aston Villa,Fin de cesión 30/06/2024,Clément LengletC. Lenglet
6,FC Barcelona,Real Betis,Fin de cesión 30/06/2024,Chadi RiadC. Riad
7,FC Barcelona,UD Las Palmas,Fin de cesión 30/06/2024,Julián AraujoJ. Araujo
8,FC Barcelona,Girona FC,Fin de cesión 30/06/2024,Eric GarcíaE. García
9,FC Barcelona,PSV Eindhoven,Fin de cesión 30/06/2024,Sergiño DestS. Dest
10,FC Barcelona,Brighton,Fin de cesión 30/06/2024,Ansu FatiAnsu Fati
11,FC Barcelona,Sampdoria,Fin de cesión 30/06/2024,Estanis PedrolaE. Pedrola
0,Real Betis,FC Barcelona,"9,00 mill. €",Chadi RiadC. Riad
1,Chelsea,FC Barcelona,"6,00 mill. €",Marc GuiuMarc Guiu
2,Sampdoria,FC Barcelona,"3,00 mill. €",Estanis PedrolaE. Pedrola
3,PSV Eindhoven,FC Barcelona,Libre,Sergiño DestS. Dest
4,Sin equipo,FC Barcelona,-,Sergi RobertoS. Roberto
5,Sin equipo,FC Barcelona,-,Marcos AlonsoM. Alonso
6,Manchester City,FC Barcelona,Fin de cesión 30/06/2024,João CanceloJ. Cancelo
7,Atlético Madrid,FC Barcelona,Fin de cesión 30/06/2024,João FélixJoão Félix
0,Real Madrid,Palmeiras,"47,50 mill. €",EndrickEndrick
1,Real Madrid,RCD Espanyol,"1,50 mill. €",JoseluJoselu
2,Real Madrid,PSG,Libre,Kylian MbappéK. Mbappé
3,Real Madrid,Granada CF,Fin de cesión 30/06/2024,Jesús VallejoJ. Vallejo
4,Real Madrid,Frosinone,Fin de cesión 30/06/2024,ReinierReinier
5,Real Madrid,Alavés,Fin de cesión 30/06/2024,Rafa MarínR. Marín
6,Real Madrid,Getafe CF,Fin de cesión 30/06/2024,Juanmi LatasaJ. Latasa
0,Nápoles,Real Madrid,"12,00 mill. €",Rafa MarínR. Marín
1,Al-Gharafa SC,Real Madrid,"1,50 mill. €",JoseluJoselu
2,Al-Qadsiah,Real Madrid,Libre,Nacho FernándezN. Fernández
3,Retirado,Real Madrid,-,Toni KroosT. Kroos
4,Sin equipo,Real Madrid,-,Lucas VázquezL. Vázquez
5,Sin equipo,Real Madrid,-,Luka ModricL. Modric
6,RCD Espanyol,Real Madrid,Fin de cesión 30/06/2024,JoseluJoselu
7,Chelsea,Real Madrid,Fin de cesión 30/06/2024,Kepa ArrizabalagaK. Arrizabalaga
0,Real Betis,FC Barcelona,"9,00 mill. €",Chadi RiadC. Riad
1,Real Betis,Leeds,"4,50 mill. €",Marc RocaMarc Roca
2,Real Betis,Southampton,"3,50 mill. €",Romain PerraudR. Perraud
3,Real Betis,Leeds,"3,25 mill. €",Diego LlorenteD. Llorente
4,Real Betis,Racing Ferrol,"1,80 mill. €",Iker LosadaI. Losada
5,Real Betis,Liverpool,Libre,AdriánAdrián
6,Real Betis,Betis Deportivo,-,Yanis SenhadjiY. Senhadji
7,Real Betis,Betis Deportivo,-,Ricardo VisusR. Visus
8,Real Betis,Betis Deportivo,-,Fran VieitesF. Vieites
9,Real Betis,Al-Okhdood,Fin de cesión 30/06/2024,Álex ColladoÁ. Collado
10,Real Betis,B. Leverkusen,Fin de cesión 30/06/2024,Borja IglesiasB. Iglesias
11,Real Betis,Cádiz CF,Fin de cesión 30/06/2024,JuanmiJuanmi
12,Real Betis,CD Leganés,Fin de cesión 30/06/2024,Juan CruzJuan Cruz
13,Real Betis,NEC Nijmegen,Fin de cesión 30/06/2024,Rober GonzálezR. González
0,Crystal Palace,Real Betis,"15,00 mill. €",Chadi RiadC. Riad
1,Lyon,Real Betis,"8,00 mill. €",AbnerAbner
2,Spartak Moscú,Real Betis,"2,00 mill. €",Willian JoséWillian José
3,NEC Nijmegen,Real Betis,"1,20 mill. €",Rober GonzálezR. González
4,CD Leganés,Real Betis,"1,00 mill. €",Juan CruzJuan Cruz
5,Bolonia,Real Betis,Libre,Juan MirandaJ. Miranda
6,CD Tenerife,Real Betis,Cesión,Yanis SenhadjiY. Senhadji
7,Sin equipo,Real Betis,-,Claudio BravoC. Bravo
8,Sin equipo,Real Betis,-,Guido RodríguezG. Rodríguez
9,Retirado,Real Betis,-,Sokratis PapastathopoulosS. Papastathopoulos
10,Almere City,Real Betis,Cesión,Ricardo VisusR. Visus
11,FC Barcelona,Real Betis,Fin de cesión 30/06/2024,Chadi RiadC. Riad
12,Leeds,Real Betis,Fin de cesión 30/06/2024,Marc RocaMarc Roca
0,Sevilla FC,Racing,"4,00 mill. €",Peque FernándezP. Fernández
1,Sevilla FC,CSKA Moscú,Libre,Chidera EjukeC. Ejuke
2,Sevilla FC,RSC Anderlecht,Fin de cesión 30/06/2024,Thomas DelaneyT. Delaney
3,Sevilla FC,Nottm Forest,Fin de cesión 30/06/2024,Gonzalo MontielG. Montiel
4,Sevilla FC,RSC Anderlecht,Fin de cesión 30/06/2024,Federico GattoniF. Gattoni
5,Sevilla FC,Getafe CF,Fin de cesión 30/06/2024,Óscar RodríguezÓ. Rodríguez
6,Sevilla FC,RSC Anderlecht,Fin de cesión 30/06/2024,Ludwig AugustinssonL. Augustinsson
7,Sevilla FC,Getafe CF,Fin de cesión 30/06/2024,José Ángel CarmonaJ. Carmona
8,Sevilla FC,CD Tenerife,Fin de cesión 30/06/2024,Luismi CruzL. Cruz
0,CD Tenerife,Sevilla FC,300 mil €,Luismi CruzL. Cruz
1,Monterrey,Sevilla FC,Libre,Óliver TorresÓ. Torres
2,Valencia CF,Sevilla FC,Cesión,Rafa MirRafa Mir
3,Sin equipo,Sevilla FC,-,Sergio RamosS. Ramos
4,Sin equipo,Sevilla FC,-,Mariano DíazM. Díaz
5,Retirado,Sevilla FC,-,Jesús NavasJ. Navas
6,Sin equipo,Sevilla FC,-,Erik LamelaE. Lamela
7,River Plate,Sevilla FC,Cesión,Federico GattoniF. Gattoni
8,Manchester Utd.,Sevilla FC,Fin de cesión 30/06/2024,HannibalHannibal
9,Leicester City,Sevilla FC,Fin de cesión 30/06/2024,Boubakary SoumaréB. Soumaré
10,Inter,Sevilla FC,Fin de cesión 30/06/2024,Lucien AgouméL. Agoumé
11,Tottenham,Sevilla FC,Fin de cesión 30/06/2024,Alejo VélizA. Véliz
0,CA Osasuna,Real Oviedo,"2,80 mill. €",Abel BretonesA. Bretones
1,CA Osasuna,RCD Mallorca,Fin de cesión 30/06/2024,Nacho VidalN. Vidal
2,CA Osasuna,Osasuna B,-,Ander YoldiA. Yoldi
3,CA Osasuna,FC Andorra,Fin de cesión 30/06/2024,Iker BenitoI. Benito
4,CA Osasuna,SD Huesca,Fin de cesión 30/06/2024,Javi MartínezJ. Martínez
5,CA Osasuna,FC Cartagena,Fin de cesión 30/06/2024,Diego MorenoD. Moreno
0,Sin bajas,CA Osasuna,,Sin bajas
0,Real Sociedad,Manchester City,"9,00 mill. €",Sergio GómezS. Gómez
1,Real Sociedad,Real Sociedad B,-,Jon AramburuJ. Aramburu
2,Real Sociedad,Cádiz CF,Fin de cesión 30/06/2024,Robert NavarroR. Navarro
3,Real Sociedad,Alavés,Fin de cesión 30/06/2024,Álex SolaÁ. Sola
4,Real Sociedad,FC Andorra,Fin de cesión 30/06/2024,Jon KarrikaburuJ. Karrikaburu
5,Real Sociedad,Getafe CF,Fin de cesión 30/06/2024,Diego RicoD. Rico
6,Real Sociedad,CD Tenerife,Fin de cesión 30/06/2024,Roberto LópezR. López
0,CD Leganés,Real Sociedad,Libre,Roberto LópezR. López
1,Arsenal,Real Sociedad,Fin de cesión 30/06/2024,Kieran TierneyK. Tierney
2,RB Leipzig,Real Sociedad,Fin de cesión 30/06/2024,André SilvaA. Silva
3,Atlético Madrid,Real Sociedad,Fin de cesión 30/06/2024,Javi GalánJ. Galán
0,Athletic,SC Braga,"15,00 mill. €",Álvaro DjalóÁ. Djaló
1,Athletic,Alavés,Libre,Andoni GorosabelA. Gorosabel
2,Athletic,Racing Ferrol,Fin de cesión 30/06/2024,Nico SerranoN. Serrano
3,Athletic,Alcorcón,Fin de cesión 30/06/2024,Juan ArtolaJ. Artola
4,Athletic,CD Mirandés,Fin de cesión 30/06/2024,Javier MartónJ. Martón
5,Athletic,SD Eibar,Fin de cesión 30/06/2024,Unai VencedorU. Vencedor
6,Athletic,RC Celta,Fin de cesión 30/06/2024,Unai NúñezU. Núñez
7,Athletic,SD Amorebieta,Fin de cesión 30/06/2024,Jon MorcilloJ. Morcillo
0,RC Celta,Athletic,"7,00 mill. €",Unai NúñezU. Núñez
1,Albacete,Athletic,Libre,Jon MorcilloJ. Morcillo
2,Olympiacos,Athletic,Libre,Dani GarcíaD. García
3,Racing,Athletic,Cesión,Unai VencedorU. Vencedor
4,Retirado,Athletic,-,Raúl GarcíaR. García
5,Sin equipo,Athletic,-,Iker MuniainI. Muniain
0,Alavés,Godoy Cruz,"2,00 mill. €",Tomás ConechnyT. Conechny
1,Alavés,Alavés B,-,Unai RoperoU. Ropero
2,Alavés,Alavés B,-,Maroan SannadiM. Sannadi
3,Alavés,AC Bellinzona,Fin de cesión 30/06/2024,Abdallahi MahmoudA. Mahmoud
4,Alavés,Levante UD,Fin de cesión 30/06/2024,Nikola MarasN. Maras
5,Alavés,CD Leganés,Fin de cesión 30/06/2024,Miguel de la FuenteM. de la Fuente
6,Alavés,Gimnàstic,Fin de cesión 30/06/2024,Alan GodoyA. Godoy
7,Alavés,SD Huesca,Fin de cesión 30/06/2024,Álex BalboaÁ. Balboa
0,Pumas UNAM,Alavés,"4,00 mill. €",Rubén DuarteR. Duarte
1,CD Leganés,Alavés,"2,00 mill. €",Miguel de la FuenteM. de la Fuente
2,Athletic,Alavés,Libre,Andoni GorosabelA. Gorosabel
3,Almere City,Alavés,Libre,Álex BalboaÁ. Balboa
4,CD Eldense,Alavés,?,Alan GodoyA. Godoy
5,CD Eldense,Alavés,Cesión,Unai RoperoU. Ropero
6,Rangers FC,Alavés,Fin de cesión 30/06/2024,Ianis HagiI. Hagi
7,Atlético Madrid,Alavés,Fin de cesión 30/06/2024,Giuliano SimeoneG. Simeone
8,Real Madrid,Alavés,Fin de cesión 30/06/2024,Rafa MarínR. Marín
9,Real Sociedad,Alavés,Fin de cesión 30/06/2024,Álex SolaÁ. Sola
10,Atlético Madrid,Alavés,Fin de cesión 30/06/2024,Samu OmorodionS. Omorodion
0,RC Celta,Athletic,"7,00 mill. €",Unai NúñezU. Núñez
1,RC Celta,VfL Bochum,Fin de cesión 30/06/2024,Gonçalo PaciênciaG. Paciência
2,RC Celta,FC Cartagena,Fin de cesión 30/06/2024,José FontánJ. Fontán
3,RC Celta,CD Mirandés,Fin de cesión 30/06/2024,Lautaro de LeónL. de León
4,RC Celta,CD Mirandés,Fin de cesión 30/06/2024,Miguel BaezaM. Baeza
5,RC Celta,Elche CF,Fin de cesión 30/06/2024,Sergio CarreiraS. Carreira
6,RC Celta,FC Andorra,Fin de cesión 30/06/2024,Julen LobeteJ. Lobete
0,Wolverhampton,RC Celta,"Coste de cesión: 3,00 mill. €",Jørgen Strand LarsenJ. Larsen
1,FC Andorra,RC Celta,Libre,Lautaro de LeónL. de León
2,Arouca,RC Celta,Libre,José FontánJ. Fontán
3,FC Utrecht,RC Celta,Cesión,Miguel RodríguezM. Rodríguez
4,Sin equipo,RC Celta,-,Miguel BaezaM. Baeza
5,Sin equipo,RC Celta,-,Renato TapiaR. Tapia
6,Athletic,RC Celta,Fin de cesión 30/06/2024,Unai NúñezU. Núñez
0,Valencia CF,Rayo Vallecano,Libre,Stole DimitrievskiS. Dimitrievski
1,Valencia CF,Sevilla FC,Cesión,Rafa MirRafa Mir
2,Valencia CF,Real Valladolid,Fin de cesión 30/06/2024,César TárregaC. Tárrega
3,Valencia CF,Sassuolo,Fin de cesión 30/06/2024,Samu CastillejoS. Castillejo
4,Valencia CF,FC Nantes,Fin de cesión 30/06/2024,Eray CömertE. Cömert
0,Real Valladolid,Valencia CF,Cesión,Eray CömertE. Cömert
1,Albacete,Valencia CF,Cesión,Cristian RiveroC. Rivero
2,Club Brujas,Valencia CF,Fin de cesión 30/06/2024,Roman YaremchukR. Yaremchuk
3,Real Valladolid,Valencia CF,Fin de cesión 30/06/2024,Selim AmallahS. Amallah
4,RM Castilla,Valencia CF,Fin de cesión 30/06/2024,Peter FedericoPeter Federico
0,Villarreal CF,CD Leganés,"4,00 mill. €",Diego CondeD. Conde
1,Villarreal CF,Marsella,Libre,Pape GueyeP. Gueye
2,Villarreal CF,Villarreal CF B,-,Adrià AltimiraA. Altimira
3,Villarreal CF,Villarreal CF B,-,Jorge PascualJ. Pascual
4,Villarreal CF,Villarreal CF B,-,Carlos RomeroC. Romero
5,Villarreal CF,Sheff Utd,Fin de cesión 30/06/2024,Ben Brereton DíazB. Brereton Díaz
6,Villarreal CF,Real Sporting,Fin de cesión 30/06/2024,Haissem HassanH. Hassan
7,Villarreal CF,Everton,Fin de cesión 30/06/2024,Arnaut DanjumaA. Danjuma
0,Levante UD,Villarreal CF,Libre,José Luis MoralesJ. Morales
1,RCD Espanyol,Villarreal CF,Cesión,Carlos RomeroC. Romero
2,SD Eibar,Villarreal CF,Cesión,Jorge PascualJ. Pascual
3,Sin equipo,Villarreal CF,-,Pepe ReinaP. Reina
4,Sin equipo,Villarreal CF,-,Alberto MorenoA. Moreno
5,Sin equipo,Villarreal CF,-,Étienne CapoueÉ. Capoue
6,Sin equipo,Villarreal CF,-,Francis CoquelinF. Coquelin
7,Sin equipo,Villarreal CF,-,Bertrand TraoréB. Traoré
8,Wolverhampton,Villarreal CF,Fin de cesión 30/06/2024,Gonçalo GuedesG. Guedes
9,Wolverhampton,Villarreal CF,Fin de cesión 30/06/2024,Yerson MosqueraY. Mosquera
0,Getafe CF,Banik Ostrava,"2,00 mill. €",Jiri LetacekJ. Letacek
1,Getafe CF,RM Castilla,"2,00 mill. €",Peter FedericoPeter Federico
2,Getafe CF,AD Ceuta,500 mil €,Chrisantus UcheC. Uche
3,Getafe CF,Real Murcia,Fin de cesión 30/06/2024,Sabit AbdulaiS. Abdulai
4,Getafe CF,Albacete,Fin de cesión 30/06/2024,Jonathan SilvaJ. Silva
5,Getafe CF,Bournemouth,Fin de cesión 30/06/2024,Enes ÜnalE. Ünal
6,Getafe CF,UD Almería,Fin de cesión 30/06/2024,Choco LozanoC. Lozano
7,Getafe CF,FC Cartagena,Fin de cesión 30/06/2024,Darío PovedaD. Poveda
0,Bournemouth,Getafe CF,"16,50 mill. €",Enes ÜnalE. Ünal
1,Santos Laguna,Getafe CF,"2,00 mill. €",Choco LozanoC. Lozano
2,UD Las Palmas,Getafe CF,Libre,Jaime MataJ. Mata
3,Panathinaikos,Getafe CF,Libre,Nemanja MaksimovicN. Maksimovic
4,Farense,Getafe CF,Libre,Darío PovedaD. Poveda
5,Sin equipo,Getafe CF,-,Sabit AbdulaiS. Abdulai
6,UD Ibiza,Getafe CF,Fin de cesión 30/06/2024,Daniel FuzatoD. Fuzato
7,Manchester Utd.,Getafe CF,Fin de cesión 30/06/2024,Mason GreenwoodM. Greenwood
8,Sevilla FC,Getafe CF,Fin de cesión 30/06/2024,Óscar RodríguezÓ. Rodríguez
9,RB Leipzig,Getafe CF,Fin de cesión 30/06/2024,Ilaix MoribaI. Moriba
10,Sevilla FC,Getafe CF,Fin de cesión 30/06/2024,José Ángel CarmonaJ. Carmona
11,Real Madrid,Getafe CF,Fin de cesión 30/06/2024,Juanmi LatasaJ. Latasa
12,Real Sociedad,Getafe CF,Fin de cesión 30/06/2024,Diego RicoD. Rico
0,Rayo Vallecano,Barça Atlètic,Libre,Pelayo FernándezP. Fernández
1,Rayo Vallecano,Villarreal CF B,Fin de cesión 30/06/2024,Miguel Ángel MorroM. Morro
2,Rayo Vallecano,Racing,Fin de cesión 30/06/2024,Andrés MartínA. Martín
0,Millonarios,Rayo Vallecano,Libre,Radamel FalcaoR. Falcao
1,Valencia CF,Rayo Vallecano,Libre,Stole DimitrievskiS. Dimitrievski
2,Sin equipo,Rayo Vallecano,-,José PozoJ. Pozo
3,Real Valladolid,Rayo Vallecano,Fin de cesión 30/06/2024,Kike PérezK. Pérez
4,Fenerbahce,Rayo Vallecano,Fin de cesión 30/06/2024,Miguel CrespoM. Crespo
0,RCD Mallorca,Bor. Dortmund,Libre,Mateu MoreyM. Morey
1,RCD Mallorca,VfL Bochum,Libre,Takuma AsanoT. Asano
2,RCD Mallorca,Real Valladolid,Fin de cesión 30/06/2024,Amath NdiayeA. Ndiaye
3,RCD Mallorca,UD Almería,Fin de cesión 30/06/2024,Iddrisu BabaI. Baba
4,RCD Mallorca,Real Oviedo,Fin de cesión 30/06/2024,Leo RománL. Román
5,RCD Mallorca,SD Amorebieta,Fin de cesión 30/06/2024,Josep GayáJ. Gayá
0,Real Valladolid,RCD Mallorca,"2,00 mill. €",Amath NdiayeA. Ndiaye
1,UD Almería,RCD Mallorca,Libre,Iddrisu BabaI. Baba
2,CA Osasuna,RCD Mallorca,Fin de cesión 30/06/2024,Nacho VidalN. Vidal
3,Sin equipo,RCD Mallorca,-,Matija NastasicM. Nastasic
4,Sin equipo,RCD Mallorca,-,Josep GayáJ. Gayá
5,Sin equipo,RCD Mallorca,-,Jaume CostaJ. Costa
6,Torino,RCD Mallorca,Fin de cesión 30/06/2024,Nemanja RadonjicN. Radonjic
0,UD Las Palmas,RM Castilla,"2,00 mill. €",Marvin ParkM. Park
1,UD Las Palmas,Albacete,"1,50 mill. €",Manu FusterM. Fuster
2,UD Las Palmas,NEC Nijmegen,500 mil €,Jasper CillessenJ. Cillessen
3,UD Las Palmas,Getafe CF,Libre,Jaime MataJ. Mata
4,UD Las Palmas,Real Oviedo,Libre,Viti RozadaV. Rozada
5,UD Las Palmas,Valladolid Prom,Libre,Iván CédricIván Cédric
6,UD Las Palmas,Loko Plovdiv,Libre,Dinko HorkasD. Horkas
7,UD Las Palmas,FC Andorra,Libre,Iván GilIván Gil
8,UD Las Palmas,Levante UD,Libre,Álex MuñozÁ. Muñoz
9,UD Las Palmas,Real Avilés,Fin de cesión 30/06/2024,Joel del PinoJ. del Pino
10,UD Las Palmas,Antequera,Fin de cesión 30/06/2024,Ale GarcíaA. García
11,UD Las Palmas,Racing Ferrol,Fin de cesión 30/06/2024,Enrique ClementeE. Clemente
0,Real Sporting,UD Las Palmas,Libre,Eric CurbeloE. Curbelo
1,Real Oviedo,UD Las Palmas,Libre,Aarón EscandellA. Escandell
2,Sin equipo,UD Las Palmas,-,Joel del PinoJ. del Pino
3,Sin equipo,UD Las Palmas,-,Sergi CardonaS. Cardona
4,Sin equipo,UD Las Palmas,-,Munir El HaddadiMunir El Haddadi
5,Sin equipo,UD Las Palmas,-,Cristian HerreraC. Herrera
6,Manchester City,UD Las Palmas,Fin de cesión 30/06/2024,Máximo PerroneM. Perrone
7,FC Barcelona,UD Las Palmas,Fin de cesión 30/06/2024,Julián AraujoJ. Araujo
8,RM Castilla,UD Las Palmas,Fin de cesión 30/06/2024,Marvin ParkM. Park
0,Girona FC,SC Braga,"9,00 mill. €",Abel RuizAbel Ruiz
1,Girona FC,Sparta Praga,"8,00 mill. €",Ladislav KrejciL. Krejci
2,Girona FC,Manchester Utd.,500 mil €,Donny van de BeekD. van de Beek
3,Girona FC,Ajax U21,Libre,Gabriel MisehouyG. Misehouy
4,Girona FC,CD Mirandés,Fin de cesión 30/06/2024,Ibrahima KébéI. Kébé
5,Girona FC,Barça Atlètic,Fin de cesión 30/06/2024,Pau VíctorP. Víctor
6,Girona FC,CD Leganés,Fin de cesión 30/06/2024,Óscar UreñaÓ. Ureña
7,Girona FC,CD Mirandés,Fin de cesión 30/06/2024,Ilyas ChairaI. Chaira
8,Girona FC,Real Zaragoza,Fin de cesión 30/06/2024,Manu VallejoM. Vallejo
9,Girona FC,AEK Atenas,Fin de cesión 30/06/2024,Alexander CallensA. Callens
10,Girona FC,CD Mirandés,Fin de cesión 30/06/2024,Gabri MartínezG. Martínez
11,Girona FC,FC Cartagena,Fin de cesión 30/06/2024,Arnau OrtizA. Ortiz
12,Girona FC,Córdoba CF,Fin de cesión 30/06/2024,Álex SalaÁ. Sala
0,B. Leverkusen,Girona FC,"18,00 mill. €",Aleix GarcíaA. García
1,AEK Atenas,Girona FC,300 mil €,Alexander CallensA. Callens
2,Córdoba CF,Girona FC,Libre,Álex SalaÁ. Sala
3,SC Braga,Girona FC,Libre,Gabri MartínezG. Martínez
4,FC Cartagena,Girona FC,Cesión,Toni FuidiasT. Fuidias
5,Sin equipo,Girona FC,-,Arnau OrtizA. Ortiz
6,Sin equipo,Girona FC,-,Borja GarcíaB. García
7,FC Barcelona,Girona FC,Fin de cesión 30/06/2024,Pablo TorreP. Torre
8,Troyes,Girona FC,Fin de cesión 30/06/2024,SávioSávio
9,FC Barcelona,Girona FC,Fin de cesión 30/06/2024,Eric GarcíaE. García
10,Manchester City,Girona FC,Fin de cesión 30/06/2024,Yan CoutoYan Couto
0,Real Valladolid,Los Ángeles FC,"4,00 mill. €",Stipe BiukS. Biuk
1,Real Valladolid,Granada CF,"3,00 mill. €",Víctor MeseguerV. Meseguer
2,Real Valladolid,Lazio,"2,50 mill. €",Raúl MoroR. Moro
3,Real Valladolid,RCD Mallorca,"2,00 mill. €",Amath NdiayeA. Ndiaye
4,Real Valladolid,Parma,"1,50 mill. €",Stanko JuricS. Juric
5,Real Valladolid,Granada CF,"1,00 mill. €",André FerreiraA. Ferreira
6,Real Valladolid,Valencia CF,Cesión,Eray CömertE. Cömert
7,Real Valladolid,Valladolid Prom,-,ChukiChuki
8,Real Valladolid,Avs FS,Fin de cesión 30/06/2024,Tunde AkinsolaT. Akinsola
9,Real Valladolid,CD Eldense,Fin de cesión 30/06/2024,Álvaro AcevesÁ. Aceves
10,Real Valladolid,Rayo Vallecano,Fin de cesión 30/06/2024,Kike PérezK. Pérez
11,Real Valladolid,Cádiz CF,Fin de cesión 30/06/2024,Darwin MachísD. Machís
12,Real Valladolid,Valencia CF,Fin de cesión 30/06/2024,Selim AmallahS. Amallah
0,Sin equipo,Real Valladolid,-,Jordi MasipJ. Masip
1,Sin equipo,Real Valladolid,-,Sergio EscuderoS. Escudero
2,Sin equipo,Real Valladolid,-,Álvaro NegredoÁ. Negredo
3,Lazio,Real Valladolid,Fin de cesión 30/06/2024,Raúl MoroR. Moro
4,Granada CF,Real Valladolid,Fin de cesión 30/06/2024,André FerreiraA. Ferreira
5,Cruzeiro,Real Valladolid,Fin de cesión 30/06/2024,Lucas OliveiraLucas Oliveira
6,RCD Mallorca,Real Valladolid,Fin de cesión 30/06/2024,Amath NdiayeA. Ndiaye
7,Granada CF,Real Valladolid,Fin de cesión 30/06/2024,Víctor MeseguerV. Meseguer
8,Parma,Real Valladolid,Fin de cesión 30/06/2024,Stanko JuricS. Juric
9,Los Ángeles FC,Real Valladolid,Fin de cesión 30/06/2024,Stipe BiukS. Biuk
10,Valencia CF,Real Valladolid,Fin de cesión 30/06/2024,César TárregaC. Tárrega
0,CD Leganés,Alavés,"2,00 mill. €",Miguel de la FuenteM. de la Fuente
1,CD Leganés,Real Betis,"1,00 mill. €",Juan CruzJuan Cruz
2,CD Leganés,Levante UD,90 mil €,Enric FranquesaE. Franquesa
3,CD Leganés,Real Sociedad,Libre,Roberto LópezR. López
4,CD Leganés,CD Tenerife,Libre,Juan SorianoJ. Soriano
5,CD Leganés,Besiktas,Libre,Valentin RosierV. Rosier
6,CD Leganés,R. Majadahonda,Fin de cesión 30/06/2024,Sergio NavarroS. Navarro
7,CD Leganés,Barça Atlètic,Fin de cesión 30/06/2024,Naim GarcíaN. García
8,CD Leganés,Cádiz CF,Fin de cesión 30/06/2024,Javi HernándezJ. Hernández
9,CD Leganés,Málaga CF,Fin de cesión 30/06/2024,Javier AvilésJ. Avilés
10,CD Leganés,SD Tarazona,Fin de cesión 30/06/2024,Álex GilÁlex Gil
0,Villarreal CF,CD Leganés,"4,00 mill. €",Diego CondeD. Conde
1,SD Huesca,CD Leganés,Libre,Dani JiménezD. Jiménez
2,Alcorcón,CD Leganés,Libre,Sergio NavarroS. Navarro
3,Sin equipo,CD Leganés,-,Jorge MiramónJ. Miramón
4,Sin equipo,CD Leganés,-,Allan NyomA. Nyom
5,Sin equipo,CD Leganés,-,Iker UndabarrenaI. Undabarrena
6,Sin equipo,CD Leganés,-,Francisco PortilloF. Portillo
7,Levante UD,CD Leganés,Fin de cesión 30/06/2024,Enric FranquesaE. Franquesa
8,Alavés,CD Leganés,Fin de cesión 30/06/2024,Miguel de la FuenteM. de la Fuente
9,HNK Rijeka,CD Leganés,Fin de cesión 30/06/2024,Naïs DjouahraN. Djouahra
10,Girona FC,CD Leganés,Fin de cesión 30/06/2024,Óscar UreñaÓ. Ureña
11,Zulte Waregem,CD Leganés,Fin de cesión 30/06/2024,Borja LópezB. López
12,Real Betis,CD Leganés,Fin de cesión 30/06/2024,Juan CruzJuan Cruz
13,Pau FC,CD Leganés,Fin de cesión 30/06/2024,Diyaeddine AbziD. Abzi
0,RCD Espanyol,SD Eibar,Libre,Álvaro TejeroÁ. Tejero
1,RCD Espanyol,Villarreal CF,Cesión,Carlos RomeroC. Romero
2,RCD Espanyol,RCD Espanyol B,-,Kenneth SolerK. Soler
3,RCD Espanyol,Real Madrid,Fin de cesión 30/06/2024,JoseluJoselu
4,RCD Espanyol,Osasuna B,Fin de cesión 30/06/2024,Max SvenssonM. Svensson
0,Real Madrid,RCD Espanyol,"1,50 mill. €",JoseluJoselu
1,UD Almería,RCD Espanyol,Libre,Nico MelamedN. Melamed
2,Sin equipo,RCD Espanyol,-,Keidi BareK. Bare
3,Sin equipo,RCD Espanyol,-,Óscar GilÓ. Gil
4,Sin equipo,RCD Espanyol,-,Víctor RuizV. Ruiz
5,Spartak Moscú,RCD Espanyol,Fin de cesión 30/06/2024,Keita BaldéK. Baldé
